id,source_id,city,school,title,post_date,year,job_category,position_keywords,degree_requirement,major_requirement,political_requirement,fresh_graduate,deadline,summary,list_url,detail_url,attachment_urls,content_hash,first_seen_at,last_seen_at,status,is_new_today
127,LNJYT_GSGG,省级,辽宁省教育厅,辽宁省“特岗计划”学费补偿和国家助学贷款代偿人员名单及金额公示,2026-08-04,2026,招聘后续通知,,本科,详见官方公告,未明确,未明确,2026-08-10,辽宁省“特岗计划”学费补偿和国家助学贷款代偿人员名单及金额公示 辽宁省人民政府 邮箱系统 无障碍浏览 首页 基础教育 高等教育 网点地图 职业教育 机构 省教育厅（省委教育工委）领导 省教育厅工作职责 业务处室 直属单位 新闻 头版头条 教育部信息 省委省政府信息 教育要闻 战线联播 图片新闻 公开 最新通知 公示公告 教育文件 政策解读 政府信息公开 服务 政务服务 便民服务 互动 12345综合服务平台 群众投诉 征求意见 依申请公开 专题 便民服务 助学贷款政策 辽宁省,https://jyt.ln.gov.cn/jyt/gk/gsgg/index.shtml,https://jyt.ln.gov.cn/jyt/gk/gsgg/2026080410094516226/index.shtml,,d5a5b29231719ae51a35dc159a851d2823cfd8de19459c3e51eb3ed90ed7ff96,2026-08-04 06:05:34,2026-08-06 06:05:57,有效,0
76,SYRS_SYDW,沈阳,沈阳市人力资源和社会保障局,就业创业信息,2026-08-04,2026,行政管理,行政,博士,详见官方公告,未明确,未明确,,就业创业信息-沈阳市人力资源和社会保障局 欢迎访问沈阳市人社局！今天是 加入收藏 | 设为首页 无障碍辅助浏览工具条 | 导航列表 就业资讯 人力资源市场供求信息 事业单位招录信息 就业创业补贴 就业政策解读 就业创业政策 就业创业信息 您的位置： 首页 > 政务公开重点工作 > 就业创业信息 沈阳市在全国“创赢未来”2026创业大赛中获佳绩 2026-08-04 苏家屯区解放街道金山社区：搭建就业暖心桥 服务群众零距离——开展“百日千万”就业大集招聘会 2026-07-24,https://rsj.shenyang.gov.cn/zwgkzdgz/jycyxx/sydwzlxx/,https://rsj.shenyang.gov.cn/zwgkzdgz/jycyxx/,,85f5cdb2a86bce122085a34a73595eabc582c1ad247c741aed91dd33d75315f7,2026-07-14 10:00:09,2026-08-06 06:05:28,有效,0
129,LNJYT_GSGG,省级,辽宁省教育厅,关于大连枫叶职业技术学院举办者变更的公示,2026-08-03,2026,招聘后续通知,,本科,详见官方公告,未明确,未明确,,关于大连枫叶职业技术学院举办者变更的公示 辽宁省人民政府 邮箱系统 无障碍浏览 首页 基础教育 高等教育 网点地图 职业教育 机构 省教育厅（省委教育工委）领导 省教育厅工作职责 业务处室 直属单位 新闻 头版头条 教育部信息 省委省政府信息 教育要闻 战线联播 图片新闻 公开 最新通知 公示公告 教育文件 政策解读 政府信息公开 服务 政务服务 便民服务 互动 12345综合服务平台 群众投诉 征求意见 依申请公开 专题 便民服务 助学贷款政策 辽宁省教育厅 无障碍浏览 首,https://jyt.ln.gov.cn/jyt/gk/gsgg/index.shtml,https://jyt.ln.gov.cn/jyt/gk/gsgg/2026080316123895529/index.shtml,,2076dacd672e7141133eaa925ce499b8bdc51f230c497a0801d14d49e913e232,2026-08-04 06:05:34,2026-08-06 06:05:57,有效,0
128,LNJYT_GSGG,省级,辽宁省教育厅,辽宁省高中等教育招生考试委员会办公室2026年集中面向社会公开招聘拟聘人员公示,2026-08-03,2026,招聘后续通知,办公室,本科,详见官方公告,未明确,未明确,,辽宁省高中等教育招生考试委员会办公室2026年集中面向社会公开招聘拟聘人员公示 辽宁省人民政府 邮箱系统 无障碍浏览 首页 基础教育 高等教育 网点地图 职业教育 机构 省教育厅（省委教育工委）领导 省教育厅工作职责 业务处室 直属单位 新闻 头版头条 教育部信息 省委省政府信息 教育要闻 战线联播 图片新闻 公开 最新通知 公示公告 教育文件 政策解读 政府信息公开 服务 政务服务 便民服务 互动 12345综合服务平台 群众投诉 征求意见 依申请公开 专题 便民服务 助学,https://jyt.ln.gov.cn/jyt/gk/gsgg/index.shtml,https://jyt.ln.gov.cn/jyt/gk/gsgg/2026080318202033824/index.shtml,,cb23dc1f3808ec0eb4acf299d4779ebe4a6fdad35e6b9a39568f1cfcce49845e,2026-08-04 06:05:34,2026-08-06 06:05:57,有效,0
126,DLUT_HR,大连,大连理工大学,07-31 2026 进校人员公示（2026年第31次）,2026-07-31,2026,招聘后续通知,管理岗,博士,详见官方公告,未明确,未明确,,进校人员公示（2026年第31次）-人力资源处 中文 | English 首页 人才招聘 招聘首页 人才引进 招聘信息 教授课题组招聘 工作动态 机构设置 通知公告 通知公告 七级管理岗任命 师资队伍 师德监督 师德监督 师德师风建设分委员会 博士后工作 流动站简介 政策文件 新闻通告 办事指南 表格下载 党务工作 办事指南 师资室 人事工作室 工资保险室 综合室 文档下载 人才发展室 师资室 人事工作室 工资保险室 综合室 进校人员公示（2026年第31次） 2026-07,https://perdep.dlut.edu.cn/,https://perdep.dlut.edu.cn/info/1141/23051.htm,,04caba06db7ebe26f512958ce4246f2d0c6ae4e010703959d00f859d15787e7d,2026-07-31 06:21:04,2026-08-06 06:03:20,有效,0
125,LNU_HR,沈阳,辽宁大学,辽宁大学2026年面向社会公开招聘工作人员拟聘人员公示,2026-07-30,2026,招聘后续通知,,不限/未明确,详见官方公告,未明确,未明确,,辽宁大学2026年面向社会公开招聘工作人员拟聘人员公示-辽宁大学 人事处 首页 | 单位介绍 | 机构设置 | 工作职责 | 政策法规 | 现任领导 | 人才招聘 | 下载专区 | 联系我们 · 人事科主要工作职责 · 师资科主要工作职责 · 劳资科主要工作职责 · 人才交流中心主要工作职责 · 教职工思想政治教育与师德师风建设... · 考核工作科主要工作职责 · 辽宁人事人才公共服务网 · 辽宁省人民政府 · 辽宁省人事考试网 · 人才招聘 辽宁大学2026年面向社会公开,https://rsc.lnu.edu.cn/rczp.htm,https://rsc.lnu.edu.cn/info/10465/70782.htm,https://rsc.lnu.edu.cn/__local/A/80/AE/6C1C29E9082516CE21149FAE355_81A30424_3CAA.xlsx,1aec956833857555eaa41298f7e92ee64ae6f65c95a12d4da69177a5fedebf2f,2026-07-30 05:53:48,2026-08-06 06:04:57,有效,0
124,LNU_HR,沈阳,辽宁大学,辽宁大学2026年度公开招聘高层次和急需紧缺人才体检通知,2026-07-24,2026,招聘后续通知,,不限/未明确,详见官方公告,未明确,未明确,,辽宁大学2026年度公开招聘高层次和急需紧缺人才体检通知-辽宁大学 人事处 首页 | 单位介绍 | 机构设置 | 工作职责 | 政策法规 | 现任领导 | 人才招聘 | 下载专区 | 联系我们 · 人事科主要工作职责 · 师资科主要工作职责 · 劳资科主要工作职责 · 人才交流中心主要工作职责 · 教职工思想政治教育与师德师风建设... · 考核工作科主要工作职责 · 辽宁人事人才公共服务网 · 辽宁省人民政府 · 辽宁省人事考试网 · 人才招聘 辽宁大学2026年度公开招聘,https://rsc.lnu.edu.cn/rczp.htm,https://rsc.lnu.edu.cn/info/10465/70781.htm,,e156769a9610a4c0d4ba79bd45339558f20f6810dfd34b58b08c75f70e0b78bd,2026-07-25 05:51:44,2026-08-06 06:04:57,有效,0
121,DLUT_HR,大连,大连理工大学,07-24 2026 人力资源处2026年暑假值班表,2026-07-24,2026,行政管理,管理岗,博士,详见官方公告,未明确,未明确,,人力资源处2026年暑假值班表-人力资源处 中文 | English 首页 人才招聘 招聘首页 人才引进 招聘信息 教授课题组招聘 工作动态 机构设置 通知公告 通知公告 七级管理岗任命 师资队伍 师德监督 师德监督 师德师风建设分委员会 博士后工作 流动站简介 政策文件 新闻通告 办事指南 表格下载 党务工作 办事指南 师资室 人事工作室 工资保险室 综合室 文档下载 人才发展室 师资室 人事工作室 工资保险室 综合室 人力资源处2026年暑假值班表 2026-07-24 ,https://perdep.dlut.edu.cn/,https://perdep.dlut.edu.cn/info/1141/22981.htm,,1289519251181865173fc7bd0de06402c729e9da2501d10fccb09bed6ef303c5,2026-07-24 06:03:13,2026-08-06 06:03:20,有效,0
123,SYRS_SYDW,沈阳,沈阳市人力资源和社会保障局,2026年辽宁省事业单位非综合行政执法类岗位集中面向社会公开招聘沈阳市拟聘用人员公示（第一批）,2026-07-23,2026,招聘后续通知,行政,不限/未明确,详见官方公告,未明确,未明确,,2026年辽宁省事业单位非综合行政执法类岗位集中面向社会公开招聘沈阳市拟聘用人员公示（第一批）-事业单位招录信息-沈阳市人力资源和社会保障局 欢迎访问沈阳市人社局！今天是 加入收藏 | 设为首页 无障碍辅助浏览工具条 | 网站首页 新闻中心 政务公开 办事服务 互动交流 专题专栏 网站导航 导航列表 就业资讯 人力资源市场供求信息 事业单位招录信息 就业创业补贴 就业政策解读 就业创业政策 事业单位招录信息 您的位置： 首页 > 政务公开重点工作 > 就业创业信息 > 事业单,https://rsj.shenyang.gov.cn/zwgkzdgz/jycyxx/sydwzlxx/,https://rsj.shenyang.gov.cn/zwgkzdgz/jycyxx/sydwzlxx/202607/t20260723_5061831.html,,0237992e1fa3ba377d89e9ff1674f6e21dbba31999333df3231e5411639fa7d7,2026-07-24 06:05:17,2026-08-06 06:05:28,有效,0
74,SYRS_SYDW,沈阳,沈阳市人力资源和社会保障局,事业单位招录信息,2026-07-23,2026,行政管理,行政,不限/未明确,详见官方公告,未明确,未明确,,事业单位招录信息-沈阳市人力资源和社会保障局 欢迎访问沈阳市人社局！今天是 加入收藏 | 设为首页 无障碍辅助浏览工具条 | 网站首页 新闻中心 政务公开 办事服务 互动交流 专题专栏 网站导航 导航列表 就业资讯 人力资源市场供求信息 事业单位招录信息 就业创业补贴 就业政策解读 就业创业政策 事业单位招录信息 您的位置： 首页 > 政务公开重点工作 > 就业创业信息 > 事业单位招录信息 2026年辽宁省事业单位非综合行政执法类岗位集中面向社会公开招聘沈阳市拟聘用人员公示,https://rsj.shenyang.gov.cn/zwgkzdgz/jycyxx/sydwzlxx/,https://rsj.shenyang.gov.cn/zwgkzdgz/jycyxx/sydwzlxx/,,4fc41c533ce2cdbb3439d4f9a5c4f14203d3cccbc3c4313fe95494e89e51a643,2026-07-14 10:00:09,2026-08-06 06:05:28,有效,0
119,DLUT_HR,大连,大连理工大学,07-21 2026 进校人员公示（2026年第28次）,2026-07-21,2026,招聘后续通知,管理岗,博士,详见官方公告,未明确,未明确,,进校人员公示（2026年第28次）-人力资源处 中文 | English 首页 人才招聘 招聘首页 人才引进 招聘信息 教授课题组招聘 工作动态 机构设置 通知公告 通知公告 七级管理岗任命 师资队伍 师德监督 师德监督 师德师风建设分委员会 博士后工作 流动站简介 政策文件 新闻通告 办事指南 表格下载 党务工作 办事指南 师资室 人事工作室 工资保险室 综合室 文档下载 人才发展室 师资室 人事工作室 工资保险室 综合室 进校人员公示（2026年第28次） 2026-07,https://perdep.dlut.edu.cn/,https://perdep.dlut.edu.cn/info/1141/22931.htm,,91d8e218b5c8e59b11f8bd06844ec15f6d9ca6cec19e7babb9753d5209d73231,2026-07-22 06:03:43,2026-07-28 05:55:30,有效,0
118,DLUT_HR,大连,大连理工大学,07-21 2026 关于2026年开发管理助理、教学助理岗位招录高校毕业生工作的通知,2026-07-21,2026,行政管理,管理岗|行政|辅导员|学生工作,博士,详见官方公告,未明确,是,,关于2026年开发管理助理、教学助理岗位招录高校毕业生工作的通知-人力资源处 中文 | English 首页 人才招聘 招聘首页 人才引进 招聘信息 教授课题组招聘 工作动态 机构设置 通知公告 通知公告 七级管理岗任命 师资队伍 师德监督 师德监督 师德师风建设分委员会 博士后工作 流动站简介 政策文件 新闻通告 办事指南 表格下载 党务工作 办事指南 师资室 人事工作室 工资保险室 综合室 文档下载 人才发展室 师资室 人事工作室 工资保险室 综合室 关于2026年开发管,https://perdep.dlut.edu.cn/,https://perdep.dlut.edu.cn/info/1141/22941.htm,https://perdep.dlut.edu.cn/system/_content/download.jsp?urltype=news.DownloadAttachUrl&owner=2093883458&wbfileid=4A44AE5DCD52A4CBDF3B59EC7A9D621A|https://perdep.dlut.edu.cn/system/_content/download.jsp?urltype=news.DownloadAttachUrl&owner=2093883458&wbfileid=65D93CFFE7B03EDB6D331E292009921A,3698e381b974a0da2a672b2f3789408b5fc94450591a7e8079c66baafd74a78c,2026-07-22 06:03:43,2026-07-31 06:21:04,有效,0
113,LNU_HR,沈阳,辽宁大学,辽宁大学2026年面向社会公开招聘工作人员递补体检人员通知,2026-07-17,2026,招聘后续通知,行政,不限/未明确,详见官方公告,未明确,未明确,,辽宁大学2026年面向社会公开招聘工作人员递补体检人员通知-辽宁大学 人事处 首页 | 单位介绍 | 机构设置 | 工作职责 | 政策法规 | 现任领导 | 人才招聘 | 下载专区 | 联系我们 · 人事科主要工作职责 · 师资科主要工作职责 · 劳资科主要工作职责 · 人才交流中心主要工作职责 · 教职工思想政治教育与师德师风建设... · 考核工作科主要工作职责 · 辽宁人事人才公共服务网 · 辽宁省人民政府 · 辽宁省人事考试网 · 人才招聘 辽宁大学2026年面向社会,https://rsc.lnu.edu.cn/rczp.htm,https://rsc.lnu.edu.cn/info/10465/70780.htm,,b781d089ab9478deb43304dc04e4cf1a9b10a9d9c11566c5c851d46a3db6ed06,2026-07-19 01:51:22,2026-08-06 06:04:57,有效,0
112,DLMU_RCB,大连,大连海事大学,大连海事大学2026年度专任教师（博士）、专职科研人员招聘拟聘用人员公...,2026-07-17,2026,招聘后续通知,办公室,博士,详见官方公告,未明确,未明确,,大连海事大学2026年度专任教师（博士）、专职科研人员招聘拟聘用人员公示（第二次）-大连海事大学党委人才工作办公室 海大主页 首 页 机构介绍 职能简介 机构人员与业务 工作纪事 联系我们 人才工程 国家级 省市级 校级 申报通知 他山之石 人才招聘 高层次人才 海外优秀青年人才 专任教师 航海类教师 科研人员 博士后 实验教师 博士后工作 流动站介绍 招聘信息 通知公告 管理条例 服务指南 表格下载 柔性人才 客座教授 政策制度 国家省市文件 学校文件 地方人才政策 服务指,https://rcb.dlmu.edu.cn/,https://rcb.dlmu.edu.cn/info/1013/4862.htm,,0c42e5476b9e8281461b55297f408c46b6ecdb0319d3bec19386deeafbc5d3aa,2026-07-19 01:50:10,2026-08-04 06:03:17,有效,0
114,LNJYT_GSGG,省级,辽宁省教育厅,辽宁省高中等教育招生考试委员会办公室2026年公开招聘递补人员公告,2026-07-16,2026,招聘后续通知,管理岗|办公室,本科,详见官方公告,未明确,未明确,,辽宁省高中等教育招生考试委员会办公室2026年公开招聘递补人员公告 辽宁省人民政府 邮箱系统 无障碍浏览 首页 基础教育 高等教育 网点地图 职业教育 机构 省教育厅（省委教育工委）领导 省教育厅工作职责 业务处室 直属单位 新闻 头版头条 教育部信息 省委省政府信息 教育要闻 战线联播 图片新闻 公开 最新通知 公示公告 教育文件 政策解读 政府信息公开 服务 政务服务 便民服务 互动 12345综合服务平台 群众投诉 征求意见 依申请公开 专题 便民服务 助学贷款政策 辽,https://jyt.ln.gov.cn/jyt/gk/gsgg/index.shtml,https://jyt.ln.gov.cn/jyt/gk/gsgg/2026071611254462723/index.shtml,,18cfba9e01dca27604e7e8b1cf1358e435c4674119e4b28e8dd8acf59f390c20,2026-07-19 01:52:12,2026-08-06 06:05:57,有效,0
116,LNJYT_GSGG,省级,辽宁省教育厅,关于2026年度辽宁省空军青少年航空学校拟录取名单的公示,2026-07-15,2026,招聘后续通知,,本科,详见官方公告,未明确,未明确,,关于2026年度辽宁省空军青少年航空学校拟录取名单的公示 辽宁省人民政府 邮箱系统 无障碍浏览 首页 基础教育 高等教育 网点地图 职业教育 机构 省教育厅（省委教育工委）领导 省教育厅工作职责 业务处室 直属单位 新闻 头版头条 教育部信息 省委省政府信息 教育要闻 战线联播 图片新闻 公开 最新通知 公示公告 教育文件 政策解读 政府信息公开 服务 政务服务 便民服务 互动 12345综合服务平台 群众投诉 征求意见 依申请公开 专题 便民服务 助学贷款政策 辽宁省教育厅,https://jyt.ln.gov.cn/jyt/gk/gsgg/index.shtml,https://jyt.ln.gov.cn/jyt/gk/gsgg/2026071519055682459/index.shtml,,2e67ced8944d6d3243446c332250a9ddc0fa44c5db3a4f592008e7b30d79ca04,2026-07-19 01:52:12,2026-08-03 06:35:35,有效,0
115,LNJYT_GSGG,省级,辽宁省教育厅,关于2026年度辽宁省海军青少年航空学校拟录取名单的公示,2026-07-15,2026,招聘后续通知,办公室,本科,详见官方公告,未明确,未明确,,关于2026年度辽宁省海军青少年航空学校拟录取名单的公示 辽宁省人民政府 邮箱系统 无障碍浏览 首页 基础教育 高等教育 网点地图 职业教育 机构 省教育厅（省委教育工委）领导 省教育厅工作职责 业务处室 直属单位 新闻 头版头条 教育部信息 省委省政府信息 教育要闻 战线联播 图片新闻 公开 最新通知 公示公告 教育文件 政策解读 政府信息公开 服务 政务服务 便民服务 互动 12345综合服务平台 群众投诉 征求意见 依申请公开 专题 便民服务 助学贷款政策 辽宁省教育厅,https://jyt.ln.gov.cn/jyt/gk/gsgg/index.shtml,https://jyt.ln.gov.cn/jyt/gk/gsgg/2026071519100313346/index.shtml,,366ff015b5a9c42b094e02188cd75f77c4a509c33fc99f24e3c355bf889cd8f8,2026-07-19 01:52:12,2026-08-03 06:35:35,有效,0
92,LNJYT_GSGG,省级,辽宁省教育厅,关于第二届辽宁省出版政府奖拟推荐名单的公示,2026-07-09,2026,招聘后续通知,信息化,本科,详见官方公告,未明确,未明确,2026-07-09,关于第二届辽宁省出版政府奖拟推荐名单的公示 辽宁省人民政府 邮箱系统 无障碍浏览 首页 基础教育 高等教育 网点地图 职业教育 机构 省教育厅（省委教育工委）领导 省教育厅工作职责 业务处室 直属单位 新闻 头版头条 教育部信息 省委省政府信息 教育要闻 战线联播 图片新闻 公开 最新通知 公示公告 教育文件 政策解读 政府信息公开 服务 政务服务 便民服务 互动 12345综合服务平台 群众投诉 征求意见 依申请公开 专题 便民服务 助学贷款政策 辽宁省教育厅 无障碍浏览 ,https://jyt.ln.gov.cn/jyt/gk/gsgg/index.shtml,https://jyt.ln.gov.cn/jyt/gk/gsgg/2026070915484484128/index.shtml,,f5908727c5117a57bc679bc1f4b5dbd7f587d2b2c9abf77ded20fdbc3b020783,2026-07-14 10:00:30,2026-07-14 10:47:37,已截止,0
93,LNJYT_GSGG,省级,辽宁省教育厅,辽宁省教育厅关于2026年国家留学基金委辽宁省地方合作项目拟推荐人选的公示,2026-07-07,2026,招聘后续通知,,本科,详见官方公告,未明确,未明确,,辽宁省教育厅关于2026年国家留学基金委辽宁省地方合作项目拟推荐人选的公示 辽宁省人民政府 邮箱系统 无障碍浏览 首页 基础教育 高等教育 网点地图 职业教育 机构 省教育厅（省委教育工委）领导 省教育厅工作职责 业务处室 直属单位 新闻 头版头条 教育部信息 省委省政府信息 教育要闻 战线联播 图片新闻 公开 最新通知 公示公告 教育文件 政策解读 政府信息公开 服务 政务服务 便民服务 互动 12345综合服务平台 群众投诉 征求意见 依申请公开 专题 便民服务 助学贷款,https://jyt.ln.gov.cn/jyt/gk/gsgg/index.shtml,https://jyt.ln.gov.cn/jyt/gk/gsgg/2026070709145376411/index.shtml,,80442445b36b8cf9d3894c1ab700db081530a74b9f0c31dd83ba8c479aae2788,2026-07-14 10:00:30,2026-08-06 06:05:57,有效,0
61,LNU_HR,沈阳,辽宁大学,辽宁大学2026年面向社会公开招聘工作人员递补体检人员通知,2026-07-07,2026,招聘后续通知,行政|辅导员,不限/未明确,详见官方公告,未明确,未明确,,辽宁大学2026年面向社会公开招聘工作人员递补体检人员通知-辽宁大学 人事处 首页 | 单位介绍 | 机构设置 | 工作职责 | 政策法规 | 现任领导 | 人才招聘 | 下载专区 | 联系我们 · 人事科主要工作职责 · 师资科主要工作职责 · 劳资科主要工作职责 · 人才交流中心主要工作职责 · 教职工思想政治教育与师德师风建设... · 考核工作科主要工作职责 · 辽宁人事人才公共服务网 · 辽宁省人民政府 · 辽宁省人事考试网 · 人才招聘 辽宁大学2026年面向社会,https://rsc.lnu.edu.cn/rczp.htm,https://rsc.lnu.edu.cn/info/10465/70777.htm,,6bbcf76b979a598e5b4acdab75aab398609228c9afed4d287956a2a613ca0cb6,2026-07-14 09:59:45,2026-08-06 06:04:57,有效,0
60,LNU_HR,沈阳,辽宁大学,辽宁大学2026年度公开招聘高层次和急需紧缺人才体检通知,2026-07-07,2026,招聘后续通知,,不限/未明确,详见官方公告,未明确,未明确,,辽宁大学2026年度公开招聘高层次和急需紧缺人才体检通知-辽宁大学 人事处 首页 | 单位介绍 | 机构设置 | 工作职责 | 政策法规 | 现任领导 | 人才招聘 | 下载专区 | 联系我们 · 人事科主要工作职责 · 师资科主要工作职责 · 劳资科主要工作职责 · 人才交流中心主要工作职责 · 教职工思想政治教育与师德师风建设... · 考核工作科主要工作职责 · 辽宁人事人才公共服务网 · 辽宁省人民政府 · 辽宁省人事考试网 · 人才招聘 辽宁大学2026年度公开招聘,https://rsc.lnu.edu.cn/rczp.htm,https://rsc.lnu.edu.cn/info/10465/70778.htm,,0a7570b56d8969fe49a68af5f2261cc7a3a255c71f11af4522dceb2487aa2ebe,2026-07-14 09:59:45,2026-08-06 06:04:57,有效,0
40,DUFE_HR,大连,东北财经大学,东北财经大学2026年职称评审出版系列推荐评审组评审结果公示 2026.07.06,2026-07-06,2026,招聘后续通知,,不限/未明确,详见官方公告,未明确,未明确,,东北财经大学2026年职称评审出版系列推荐评审组评审结果公示 2026.07.06,https://rsc.dufe.edu.cn/rczp/,https://rsc.dufe.edu.cn/rczp/content_99929.html,,d8aea55b9e366720afca17cde4b66161e7380ee99310ae6238b1a3ed02718973,2026-07-14 09:58:05,2026-07-27 06:38:46,有效,0
94,LNJYT_GSGG,省级,辽宁省教育厅,关于2024年度辽宁省高校党建研究课题拟结题课题的公示,2026-07-02,2026,招聘后续通知,,本科,详见官方公告,未明确,未明确,,关于2024年度辽宁省高校党建研究课题拟结题课题的公示 辽宁省人民政府 邮箱系统 无障碍浏览 首页 基础教育 高等教育 网点地图 职业教育 机构 省教育厅（省委教育工委）领导 省教育厅工作职责 业务处室 直属单位 新闻 头版头条 教育部信息 省委省政府信息 教育要闻 战线联播 图片新闻 公开 最新通知 公示公告 教育文件 政策解读 政府信息公开 服务 政务服务 便民服务 互动 12345综合服务平台 群众投诉 征求意见 依申请公开 专题 便民服务 助学贷款政策 辽宁省教育厅 ,https://jyt.ln.gov.cn/jyt/gk/gsgg/index.shtml,https://jyt.ln.gov.cn/jyt/gk/gsgg/2026070216020578630/index.shtml,,40baef42364f2bb4ff71fe7b4cdfb3d06b9d96e65be237a8d94dc87bb8154bdb,2026-07-14 10:00:30,2026-08-06 06:05:57,有效,0
95,LNJYT_GSGG,省级,辽宁省教育厅,关于表彰辽宁省高校优秀共产党员、优秀党务工作者和先进基层党组织的决定,2026-06-29,2026,待人工复核,,本科,详见官方公告,未明确,未明确,,关于表彰辽宁省高校优秀共产党员、优秀党务工作者和先进基层党组织的决定 辽宁省人民政府 邮箱系统 无障碍浏览 首页 基础教育 高等教育 网点地图 职业教育 机构 省教育厅（省委教育工委）领导 省教育厅工作职责 业务处室 直属单位 新闻 头版头条 教育部信息 省委省政府信息 教育要闻 战线联播 图片新闻 公开 最新通知 公示公告 教育文件 政策解读 政府信息公开 服务 政务服务 便民服务 互动 12345综合服务平台 群众投诉 征求意见 依申请公开 专题 便民服务 助学贷款政策 ,https://jyt.ln.gov.cn/jyt/gk/gsgg/index.shtml,https://jyt.ln.gov.cn/jyt/gk/gsgg/2026062918420237462/index.shtml,,4249cc909860559fb659be03fbc3b27906c96cb68ed059bd6b06badefc6a0235,2026-07-14 10:00:30,2026-08-06 06:05:57,有效,0
11,DLUT_HR,大连,大连理工大学,06-25 2026 关于组织开展2026年第3批“连理全球”留学专项（博士后类别）选拔推荐工...,2026-06-25,2026,其他招聘,管理岗,博士,详见官方公告,未明确,是,,关于组织开展2026年第3批“连理全球”留学专项（博士后类别）选拔推荐工作的通知-人力资源处 中文 | English 首页 人才招聘 招聘首页 人才引进 招聘信息 教授课题组招聘 工作动态 机构设置 通知公告 通知公告 七级管理岗任命 师资队伍 师德监督 师德监督 师德师风建设分委员会 博士后工作 流动站简介 政策文件 新闻通告 办事指南 表格下载 党务工作 办事指南 师资室 人事工作室 工资保险室 综合室 文档下载 人才发展室 师资室 人事工作室 工资保险室 综合室 关于,https://perdep.dlut.edu.cn/,https://perdep.dlut.edu.cn/info/1141/22251.htm,https://perdep.dlut.edu.cn/system/_content/download.jsp?urltype=news.DownloadAttachUrl&owner=2093883458&wbfileid=D1F96C67BC5538354900DE5E8F3EF727|https://perdep.dlut.edu.cn/system/_content/download.jsp?urltype=news.DownloadAttachUrl&owner=2093883458&wbfileid=BF3C6C1CB824A6E51EDD303EF031DC4A,5745c12e6bb6e8647f4d497358756a6af0345d5e76953139444084e569730c1c,2026-07-14 09:57:35,2026-08-06 06:03:20,有效,0
62,LNU_HR,沈阳,辽宁大学,辽宁大学2026年面向社会公开招聘工作人员体检递补人员通知,2026-06-23,2026,招聘后续通知,行政|辅导员,不限/未明确,详见官方公告,未明确,未明确,,辽宁大学2026年面向社会公开招聘工作人员体检递补人员通知-辽宁大学 人事处 首页 | 单位介绍 | 机构设置 | 工作职责 | 政策法规 | 现任领导 | 人才招聘 | 下载专区 | 联系我们 · 人事科主要工作职责 · 师资科主要工作职责 · 劳资科主要工作职责 · 人才交流中心主要工作职责 · 教职工思想政治教育与师德师风建设... · 考核工作科主要工作职责 · 辽宁人事人才公共服务网 · 辽宁省人民政府 · 辽宁省人事考试网 · 人才招聘 辽宁大学2026年面向社会,https://rsc.lnu.edu.cn/rczp.htm,https://rsc.lnu.edu.cn/info/10465/70776.htm,,63ad15c4710509b9dccbac19326b7f0f0ffa1d6c5f6551bb4588814760db1846,2026-07-14 09:59:45,2026-08-06 06:04:57,有效,0
96,LNJYT_GSGG,省级,辽宁省教育厅,关于辽宁省高中等教育招生考试委员会办公室2026年公开招聘面试人员总成绩 及进入体检人员...,2026-06-15,2026,招聘后续通知,办公室,本科,详见官方公告,未明确,未明确,,关于辽宁省高中等教育招生考试委员会办公室2026年公开招聘面试人员总成绩 及进入体检人员名单的公告 辽宁省人民政府 邮箱系统 无障碍浏览 首页 基础教育 高等教育 网点地图 职业教育 机构 省教育厅（省委教育工委）领导 省教育厅工作职责 业务处室 直属单位 新闻 头版头条 教育部信息 省委省政府信息 教育要闻 战线联播 图片新闻 公开 最新通知 公示公告 教育文件 政策解读 政府信息公开 服务 政务服务 便民服务 互动 12345综合服务平台 群众投诉 征求意见 依申请公开 ,https://jyt.ln.gov.cn/jyt/gk/gsgg/index.shtml,https://jyt.ln.gov.cn/jyt/gk/gsgg/2026061508432238264/index.shtml,,2cf5f7e610570d03523dea50f9cd48ffabeb39b06bd0371cbb8612c540401840,2026-07-14 10:00:30,2026-08-06 06:05:57,有效,0
63,LNU_HR,沈阳,辽宁大学,辽宁大学2026年面向社会公开招聘工作人员体检公告,2026-06-15,2026,招聘后续通知,,不限/未明确,详见官方公告,未明确,未明确,,辽宁大学2026年面向社会公开招聘工作人员体检公告-辽宁大学 人事处 首页 | 单位介绍 | 机构设置 | 工作职责 | 政策法规 | 现任领导 | 人才招聘 | 下载专区 | 联系我们 · 人事科主要工作职责 · 师资科主要工作职责 · 劳资科主要工作职责 · 人才交流中心主要工作职责 · 教职工思想政治教育与师德师风建设... · 考核工作科主要工作职责 · 辽宁人事人才公共服务网 · 辽宁省人民政府 · 辽宁省人事考试网 · 人才招聘 辽宁大学2026年面向社会公开招聘,https://rsc.lnu.edu.cn/rczp.htm,https://rsc.lnu.edu.cn/info/10465/70768.htm,https://rsc.lnu.edu.cn/__local/0/2E/13/0FFEB05FE3FF781AC316F9BCB57_A080F3DF_18FA2.pdf|https://rsc.lnu.edu.cn/__local/E/9F/6F/156AF7C0E9A06BA1DFDABDD4F4F_65B8D962_25F6E.pdf,8ea865b9ae298e9ab99938108de8a3dd487d6bbc1640cfdb67fbe14244920019,2026-07-14 09:59:45,2026-08-06 06:04:57,有效,0
64,LNU_HR,沈阳,辽宁大学,关于公布辽宁大学2026年面向社会公开招聘工作人员总成绩的通知,2026-06-14,2026,待人工复核,,不限/未明确,详见官方公告,未明确,未明确,,关于公布辽宁大学2026年面向社会公开招聘工作人员总成绩的通知-辽宁大学 人事处 首页 | 单位介绍 | 机构设置 | 工作职责 | 政策法规 | 现任领导 | 人才招聘 | 下载专区 | 联系我们 · 人事科主要工作职责 · 师资科主要工作职责 · 劳资科主要工作职责 · 人才交流中心主要工作职责 · 教职工思想政治教育与师德师风建设... · 考核工作科主要工作职责 · 辽宁人事人才公共服务网 · 辽宁省人民政府 · 辽宁省人事考试网 · 人才招聘 关于公布辽宁大学202,https://rsc.lnu.edu.cn/rczp.htm,https://rsc.lnu.edu.cn/info/10465/70766.htm,https://rsc.lnu.edu.cn/__local/B/CB/DF/78066EFB2A91F47A98EDFD5298F_E4E4C2EB_1FEE9.pdf,e1fa2125df8c73a34798d1dc244f82089a54ff36afcbe97a60414990f5a2f145,2026-07-14 09:59:45,2026-08-06 06:04:57,有效,0
34,DUFE_HR,大连,东北财经大学,东北财经大学2026年公开招聘高层次和急需紧缺人才公告 2026.06.14,2026-06-14,2026,待人工复核,,不限/未明确,详见官方公告,未明确,未明确,,东北财经大学2026年公开招聘高层次和急需紧缺人才公告 2026.06.14,https://rsc.dufe.edu.cn/rczp/,https://rsc.dufe.edu.cn/rczp/content_99449.html,,6779bafa2ad3615d5ca5a1c9bf25952e5e29a37d7c537aa0bacb5cd7e04ba46d,2026-07-14 09:58:05,2026-08-06 06:03:46,有效,0
65,LNU_HR,沈阳,辽宁大学,关于辽宁大学2026年集中面向社会公开招聘递补人员公告,2026-06-12,2026,招聘后续通知,行政|辅导员,不限/未明确,详见官方公告,未明确,未明确,,关于辽宁大学2026年集中面向社会公开招聘递补人员公告-辽宁大学 人事处 首页 | 单位介绍 | 机构设置 | 工作职责 | 政策法规 | 现任领导 | 人才招聘 | 下载专区 | 联系我们 · 人事科主要工作职责 · 师资科主要工作职责 · 劳资科主要工作职责 · 人才交流中心主要工作职责 · 教职工思想政治教育与师德师风建设... · 考核工作科主要工作职责 · 辽宁人事人才公共服务网 · 辽宁省人民政府 · 辽宁省人事考试网 · 人才招聘 关于辽宁大学2026年集中面向,https://rsc.lnu.edu.cn/rczp.htm,https://rsc.lnu.edu.cn/info/10465/70765.htm,,9314a872bf5c19c3cca2dbb9d2452bd1b84c961700cbcca7fa21c8618149a3e6,2026-07-14 09:59:45,2026-08-06 06:04:57,有效,0
12,DLUT_HR,大连,大连理工大学,06-12 2026 关于2026年下半年博士后中期考核工作安排的通知,2026-06-12,2026,其他招聘,管理岗,博士,详见官方公告,未明确,未明确,,关于2026年下半年博士后中期考核工作安排的通知-人力资源处 中文 | English 首页 人才招聘 招聘首页 人才引进 招聘信息 教授课题组招聘 工作动态 机构设置 通知公告 通知公告 七级管理岗任命 师资队伍 师德监督 师德监督 师德师风建设分委员会 博士后工作 流动站简介 政策文件 新闻通告 办事指南 表格下载 党务工作 办事指南 师资室 人事工作室 工资保险室 综合室 文档下载 人才发展室 师资室 人事工作室 工资保险室 综合室 关于2026年下半年博士后中期考核工,https://perdep.dlut.edu.cn/,https://perdep.dlut.edu.cn/info/1141/22191.htm,https://perdep.dlut.edu.cn/system/_content/download.jsp?urltype=news.DownloadAttachUrl&owner=2093883458&wbfileid=FE70406E453D02BB8FF2FC99B9D6ECB3|https://perdep.dlut.edu.cn/system/_content/download.jsp?urltype=news.DownloadAttachUrl&owner=2093883458&wbfileid=F64DC4C5440BB23FBD1FED74D63F53A4,33020ae1e633613a993fbc8d2139ff43c25497779d3fc313cd740d6275c1dfe1,2026-07-14 09:57:35,2026-08-06 06:03:20,有效,0
27,DLMU_RCB,大连,大连海事大学,2026年第2批次大连市高层次人才认定公示,2026-06-11,2026,招聘后续通知,办公室,博士,详见官方公告,未明确,未明确,,2026年第2批次大连市高层次人才认定公示-大连海事大学党委人才工作办公室 海大主页 首 页 机构介绍 职能简介 机构人员与业务 工作纪事 联系我们 人才工程 国家级 省市级 校级 申报通知 他山之石 人才招聘 高层次人才 海外优秀青年人才 专任教师 航海类教师 科研人员 博士后 实验教师 博士后工作 流动站介绍 招聘信息 通知公告 管理条例 服务指南 表格下载 柔性人才 客座教授 政策制度 国家省市文件 学校文件 地方人才政策 服务指南 下载中心 引进人才相关 博士后相关 ,https://rcb.dlmu.edu.cn/,https://rcb.dlmu.edu.cn/info/1013/4842.htm,,bf9ab999ceee690987d22d8fa9799d644916a907aa5643b4e650344fd3d51b62,2026-07-14 09:58:03,2026-08-06 06:03:42,有效,0
66,LNU_HR,沈阳,辽宁大学,辽宁大学2026年面向社会公开招聘工作人员面试公告,2026-06-10,2026,招聘后续通知,,不限/未明确,详见官方公告,未明确,未明确,,辽宁大学2026年面向社会公开招聘工作人员面试公告-辽宁大学 人事处 首页 | 单位介绍 | 机构设置 | 工作职责 | 政策法规 | 现任领导 | 人才招聘 | 下载专区 | 联系我们 · 人事科主要工作职责 · 师资科主要工作职责 · 劳资科主要工作职责 · 人才交流中心主要工作职责 · 教职工思想政治教育与师德师风建设... · 考核工作科主要工作职责 · 辽宁人事人才公共服务网 · 辽宁省人民政府 · 辽宁省人事考试网 · 人才招聘 辽宁大学2026年面向社会公开招聘,https://rsc.lnu.edu.cn/rczp.htm,https://rsc.lnu.edu.cn/info/10465/70764.htm,https://rsc.lnu.edu.cn/__local/A/4E/66/64BE32A892D347197122D55E206_123BE7EE_1E74A.pdf,67f10b1439bb69ee04ea6bb0fa2ce2dfa3b623ec1d0590e7721398c2b87b94c1,2026-07-14 09:59:45,2026-08-06 06:04:57,有效,0
97,LNJYT_GSGG,省级,辽宁省教育厅,辽宁省高中等教育招生考试委员会办公室2026年公开招聘面试公告,2026-06-09,2026,招聘后续通知,办公室,本科,详见官方公告,未明确,未明确,,辽宁省高中等教育招生考试委员会办公室2026年公开招聘面试公告 辽宁省人民政府 邮箱系统 无障碍浏览 首页 基础教育 高等教育 网点地图 职业教育 机构 省教育厅（省委教育工委）领导 省教育厅工作职责 业务处室 直属单位 新闻 头版头条 教育部信息 省委省政府信息 教育要闻 战线联播 图片新闻 公开 最新通知 公示公告 教育文件 政策解读 政府信息公开 服务 政务服务 便民服务 互动 12345综合服务平台 群众投诉 征求意见 依申请公开 专题 便民服务 助学贷款政策 辽宁省,https://jyt.ln.gov.cn/jyt/gk/gsgg/index.shtml,https://jyt.ln.gov.cn/jyt/gk/gsgg/2026060909234810815/index.shtml,,c68287fa69685c2caf430b550c517a78f9f49e351b703e5bb59dfafba9e28e21,2026-07-14 10:00:30,2026-08-06 06:05:57,有效,0
13,DLUT_HR,大连,大连理工大学,06-04 2026 关于推荐2026年语言文字应用研究高层次人才培养项目留学人员的通知,2026-06-04,2026,其他招聘,管理岗|行政,博士,详见官方公告,未明确,未明确,,关于推荐2026年语言文字应用研究高层次人才培养项目留学人员的通知-人力资源处 中文 | English 首页 人才招聘 招聘首页 人才引进 招聘信息 教授课题组招聘 工作动态 机构设置 通知公告 通知公告 七级管理岗任命 师资队伍 师德监督 师德监督 师德师风建设分委员会 博士后工作 流动站简介 政策文件 新闻通告 办事指南 表格下载 党务工作 办事指南 师资室 人事工作室 工资保险室 综合室 文档下载 人才发展室 师资室 人事工作室 工资保险室 综合室 关于推荐2026年,https://perdep.dlut.edu.cn/,https://perdep.dlut.edu.cn/info/1141/22141.htm,https://perdep.dlut.edu.cn/system/_content/download.jsp?urltype=news.DownloadAttachUrl&owner=2093883458&wbfileid=0131ADF5A475FB32F732CB41D07B25C9|https://perdep.dlut.edu.cn/system/_content/download.jsp?urltype=news.DownloadAttachUrl&owner=2093883458&wbfileid=0AD577E21B7DDEADC182A6AEA92E91E1,793423ec3bbedbca4c3eae231a94b067614bcf4884fe4e7b70fcc2a69b55edea,2026-07-14 09:57:35,2026-08-06 06:03:20,有效,0
67,LNU_HR,沈阳,辽宁大学,辽宁大学2026年面向社会公开招聘高层次和急需紧缺人才招聘公告（第二批）,2026-06-03,2026,待人工复核,,博士,详见官方公告,未明确,是,,辽宁大学2026年面向社会公开招聘高层次和急需紧缺人才招聘公告（第二批）-辽宁大学 人事处 首页 | 单位介绍 | 机构设置 | 工作职责 | 政策法规 | 现任领导 | 人才招聘 | 下载专区 | 联系我们 · 人事科主要工作职责 · 师资科主要工作职责 · 劳资科主要工作职责 · 人才交流中心主要工作职责 · 教职工思想政治教育与师德师风建设... · 考核工作科主要工作职责 · 辽宁人事人才公共服务网 · 辽宁省人民政府 · 辽宁省人事考试网 · 人才招聘 辽宁大学20,https://rsc.lnu.edu.cn/rczp.htm,https://rsc.lnu.edu.cn/info/10465/70763.htm,https://rsc.lnu.edu.cn/__local/B/34/18/F24669A9985ADCFCA13B87EC136_0A3ACFA5_48C6.xlsx,0f6bccee32091c7ef7b39ebe6ff94ebf2bbcbdd937b4dbd0281f46498c0d5255,2026-07-14 09:59:45,2026-08-06 06:04:57,有效,0
6,DLUT_HR,大连,大连理工大学,05-29 2026 拥抱数智变革，赋能管理服务 ——人力资源处举办AI赋能专题培训研讨活动,2026-05-29,2026,行政管理,管理岗|财务|信息化,博士,详见官方公告,未明确,未明确,,拥抱数智变革，赋能管理服务 ——人力资源处举办AI赋能专题培训研讨活动-人力资源处 中文 | English 首页 人才招聘 招聘首页 人才引进 招聘信息 教授课题组招聘 工作动态 机构设置 通知公告 通知公告 七级管理岗任命 师资队伍 师德监督 师德监督 师德师风建设分委员会 博士后工作 流动站简介 政策文件 新闻通告 办事指南 表格下载 党务工作 办事指南 师资室 人事工作室 工资保险室 综合室 文档下载 人才发展室 师资室 人事工作室 工资保险室 综合室 拥抱数智变革，,https://perdep.dlut.edu.cn/,https://perdep.dlut.edu.cn/info/1111/22101.htm,,123692c297261bff275dd560221af21b2ec51c748bc882487f43701860f252b8,2026-07-14 09:57:35,2026-07-14 10:44:48,有效,0
28,DLMU_RCB,大连,大连海事大学,大连海事大学2026年度航海类持证教师、体育教师、实验教师招聘公告,2026-05-25,2026,行政管理,办公室,博士,详见官方公告,未明确,是,2026-06-18,大连海事大学2026年度航海类持证教师、体育教师、实验教师招聘公告-大连海事大学党委人才工作办公室 海大主页 首 页 机构介绍 职能简介 机构人员与业务 工作纪事 联系我们 人才工程 国家级 省市级 校级 申报通知 他山之石 人才招聘 高层次人才 海外优秀青年人才 专任教师 航海类教师 科研人员 博士后 实验教师 博士后工作 流动站介绍 招聘信息 通知公告 管理条例 服务指南 表格下载 柔性人才 客座教授 政策制度 国家省市文件 学校文件 地方人才政策 服务指南 下载中心 引,https://rcb.dlmu.edu.cn/,https://rcb.dlmu.edu.cn/info/1013/4792.htm,https://rcb.dlmu.edu.cn/system/_content/download.jsp?urltype=news.DownloadAttachUrl&owner=1631703759&wbfileid=E7A6CB95BB232F7A5672B120E5321EC0|https://rcb.dlmu.edu.cn/system/_content/download.jsp?urltype=news.DownloadAttachUrl&owner=1631703759&wbfileid=24C979BFACB700105D0B191CB34F3E54,6e0f17a3360a3b9aa7b06063fa3785d1e67429c84f0cc7b53dc99e86cbf7374c,2026-07-14 09:58:03,2026-08-06 06:03:42,已截止,0
98,LNJYT_GSGG,省级,辽宁省教育厅,辽宁省高中等教育招生考试委员会办公室2026年公开招聘面试前资格审查公告,2026-05-22,2026,招聘后续通知,办公室|档案,本科,详见官方公告,未明确,是,,辽宁省高中等教育招生考试委员会办公室2026年公开招聘面试前资格审查公告 辽宁省人民政府 邮箱系统 无障碍浏览 首页 基础教育 高等教育 网点地图 职业教育 机构 省教育厅（省委教育工委）领导 省教育厅工作职责 业务处室 直属单位 新闻 头版头条 教育部信息 省委省政府信息 教育要闻 战线联播 图片新闻 公开 最新通知 公示公告 教育文件 政策解读 政府信息公开 服务 政务服务 便民服务 互动 12345综合服务平台 群众投诉 征求意见 依申请公开 专题 便民服务 助学贷款政,https://jyt.ln.gov.cn/jyt/gk/gsgg/index.shtml,https://jyt.ln.gov.cn/jyt/gk/gsgg/2026052214363118805/index.shtml,,ca039ac786f70ee4c227bd29a271369e80fa9aa24fef5b5cf36f1f6ff1e8f244,2026-07-14 10:00:30,2026-08-06 06:05:57,有效,0
68,LNU_HR,沈阳,辽宁大学,关于辽宁大学2026年集中面向社会公开招聘递补人员公告,2026-05-22,2026,招聘后续通知,行政|辅导员|办公室|审计|教辅,不限/未明确,详见官方公告,未明确,未明确,,关于辽宁大学2026年集中面向社会公开招聘递补人员公告-辽宁大学 人事处 首页 | 单位介绍 | 机构设置 | 工作职责 | 政策法规 | 现任领导 | 人才招聘 | 下载专区 | 联系我们 · 人事科主要工作职责 · 师资科主要工作职责 · 劳资科主要工作职责 · 人才交流中心主要工作职责 · 教职工思想政治教育与师德师风建设... · 考核工作科主要工作职责 · 辽宁人事人才公共服务网 · 辽宁省人民政府 · 辽宁省人事考试网 · 人才招聘 关于辽宁大学2026年集中面向,https://rsc.lnu.edu.cn/rczp.htm,https://rsc.lnu.edu.cn/info/10465/70762.htm,,b3406c5e287a8e14cf22c442b8b45f3b9c3e16e51e550d4a890e04bd0909f4c7,2026-07-14 09:59:45,2026-08-06 06:04:57,有效,0
77,SYRS_SYDW,沈阳,沈阳市人力资源和社会保障局,2026年辽宁省事业单位综合行政执法类岗位集中面向社会公开招聘沈阳市拟聘用人员公示（第二批）,2026-05-19,2026,招聘后续通知,行政,不限/未明确,详见官方公告,未明确,未明确,,2026年辽宁省事业单位综合行政执法类岗位集中面向社会公开招聘沈阳市拟聘用人员公示（第二批）-事业单位招录信息-沈阳市人力资源和社会保障局 欢迎访问沈阳市人社局！今天是 加入收藏 | 设为首页 无障碍辅助浏览工具条 | 网站首页 新闻中心 政务公开 办事服务 互动交流 专题专栏 网站导航 导航列表 就业资讯 人力资源市场供求信息 事业单位招录信息 就业创业补贴 就业政策解读 就业创业政策 事业单位招录信息 您的位置： 首页 > 政务公开重点工作 > 就业创业信息 > 事业单位,https://rsj.shenyang.gov.cn/zwgkzdgz/jycyxx/sydwzlxx/,https://rsj.shenyang.gov.cn/zwgkzdgz/jycyxx/sydwzlxx/202605/t20260520_5028676.html,,017ef0b87d300c111b24bdc7418d8848a2cf2d6964483d78c2733427b1a6c893,2026-07-14 10:00:09,2026-08-06 06:05:28,有效,0
41,DUFE_HR,大连,东北财经大学,东北财经大学2026年面向社会公开招聘工作人员现场资格审查公告 2026.05.18,2026-05-18,2026,招聘后续通知,,不限/未明确,详见官方公告,未明确,未明确,,东北财经大学2026年面向社会公开招聘工作人员现场资格审查公告 2026.05.18,https://rsc.dufe.edu.cn/rczp/,https://rsc.dufe.edu.cn/rczp/content_98841.html,,7771958cfc17d4abc869c5864713fe925b71975c8ecaa5e92148743333b1b817,2026-07-14 09:58:05,2026-08-06 06:03:46,有效,0
7,DLUT_HR,大连,大连理工大学,05-18 2026 互学互鉴 共谋新篇——北京理工大学人力资源部来校调研交流,2026-05-18,2026,行政管理,管理岗,博士,详见官方公告,未明确,未明确,,互学互鉴 共谋新篇——北京理工大学人力资源部来校调研交流-人力资源处 中文 | English 首页 人才招聘 招聘首页 人才引进 招聘信息 教授课题组招聘 工作动态 机构设置 通知公告 通知公告 七级管理岗任命 师资队伍 师德监督 师德监督 师德师风建设分委员会 博士后工作 流动站简介 政策文件 新闻通告 办事指南 表格下载 党务工作 办事指南 师资室 人事工作室 工资保险室 综合室 文档下载 人才发展室 师资室 人事工作室 工资保险室 综合室 互学互鉴 共谋新篇——北京理,https://perdep.dlut.edu.cn/,https://perdep.dlut.edu.cn/info/1111/22031.htm,,6eb49d99020392a524abcdb92af9e12230b9fe95163c044fc48abecd36bde58d,2026-07-14 09:57:35,2026-07-14 10:44:48,有效,0
69,LNU_HR,沈阳,辽宁大学,辽宁大学2026年面向社会公开招聘工作人员现场资格复审通知,2026-05-15,2026,行政管理,行政|档案,本科,详见官方公告,未明确,是,,辽宁大学2026年面向社会公开招聘工作人员现场资格复审通知-辽宁大学 人事处 首页 | 单位介绍 | 机构设置 | 工作职责 | 政策法规 | 现任领导 | 人才招聘 | 下载专区 | 联系我们 · 辽宁大学2025年面向社会公开... · 辽宁大学2025年面向社会公开... · 人事科主要工作职责 · 师资科主要工作职责 · 劳资科主要工作职责 · 人才交流中心主要工作职责 · 教职工思想政治教育与师德师风建设... · 考核工作科主要工作职责 · 辽宁人事人才公共服务网,https://rsc.lnu.edu.cn/rczp.htm,https://rsc.lnu.edu.cn/info/10465/70761.htm,https://rsc.lnu.edu.cn/__local/B/12/D9/A5F203A3831AFC4DCA74700639D_6BCCE833_F200.doc,25b936f6750086f82ce38d05a44aa47cd76625ee48fdb28cd3844dbc17c0d738,2026-07-14 09:59:45,2026-08-06 06:04:57,有效,0
29,DLMU_RCB,大连,大连海事大学,大连海事大学2026年度专任教师（博士）、专职科研人员招聘补充公告,2026-05-08,2026,其他招聘,办公室,博士,详见官方公告,未明确,是,2026-12-31,大连海事大学2026年度专任教师（博士）、专职科研人员招聘补充公告-大连海事大学党委人才工作办公室 海大主页 首 页 机构介绍 职能简介 机构人员与业务 工作纪事 联系我们 人才工程 国家级 省市级 校级 申报通知 他山之石 人才招聘 高层次人才 海外优秀青年人才 专任教师 航海类教师 科研人员 博士后 实验教师 博士后工作 流动站介绍 招聘信息 通知公告 管理条例 服务指南 表格下载 柔性人才 客座教授 政策制度 国家省市文件 学校文件 地方人才政策 服务指南 下载中心 引,https://rcb.dlmu.edu.cn/,https://rcb.dlmu.edu.cn/info/1013/4782.htm,https://rcb.dlmu.edu.cn/system/_content/download.jsp?urltype=news.DownloadAttachUrl&owner=1631703759&wbfileid=066BCFACEA89A36B7FD766C423B0A136|https://rcb.dlmu.edu.cn/system/_content/download.jsp?urltype=news.DownloadAttachUrl&owner=1631703759&wbfileid=1617148FD1247B11866500821DE062F3,5d6cdff58ff23873d392991d8dedce293ee4b4c2227496abfab2cd256a353a98,2026-07-14 09:58:03,2026-08-06 06:03:42,有效,0
14,DLUT_HR,大连,大连理工大学,05-08 2026 关于开展2026年享受政府特殊津贴人员选拔工作的通知,2026-05-08,2026,行政管理,管理岗|党政,博士,详见官方公告,未明确,未明确,,关于开展2026年享受政府特殊津贴人员选拔工作的通知-人力资源处 中文 | English 首页 人才招聘 招聘首页 人才引进 招聘信息 教授课题组招聘 工作动态 机构设置 通知公告 通知公告 七级管理岗任命 师资队伍 师德监督 师德监督 师德师风建设分委员会 博士后工作 流动站简介 政策文件 新闻通告 办事指南 表格下载 党务工作 办事指南 师资室 人事工作室 工资保险室 综合室 文档下载 人才发展室 师资室 人事工作室 工资保险室 综合室 关于开展2026年享受政府特殊津,https://perdep.dlut.edu.cn/,https://perdep.dlut.edu.cn/info/1141/21961.htm,https://perdep.dlut.edu.cn/system/_content/download.jsp?urltype=news.DownloadAttachUrl&owner=2093883458&wbfileid=5467112B3A84851288A3E2673AD57FF5|https://perdep.dlut.edu.cn/system/_content/download.jsp?urltype=news.DownloadAttachUrl&owner=2093883458&wbfileid=0C596EFB06A2D920CACBBD64DE44EC05,b01f05aea40d620e7adc180008d7c8935cd3677bac0848f8c091c5a5c853f8a0,2026-07-14 09:57:35,2026-07-21 06:05:30,有效,0
70,LNU_HR,沈阳,辽宁大学,辽宁大学2026年面向社会公开招聘高层次和急需紧缺人才招聘公告（第一批）,2026-04-30,2026,待人工复核,,博士,详见官方公告,未明确,是,,辽宁大学2026年面向社会公开招聘高层次和急需紧缺人才招聘公告（第一批）-辽宁大学 人事处 首页 | 单位介绍 | 机构设置 | 工作职责 | 政策法规 | 现任领导 | 人才招聘 | 下载专区 | 联系我们 · 辽宁大学2025年面向社会公开... · 辽宁大学2025年面向社会公开... · 人事科主要工作职责 · 师资科主要工作职责 · 劳资科主要工作职责 · 人才交流中心主要工作职责 · 教职工思想政治教育与师德师风建设... · 考核工作科主要工作职责 · 辽宁人事,https://rsc.lnu.edu.cn/rczp.htm,https://rsc.lnu.edu.cn/info/10465/70760.htm,https://rsc.lnu.edu.cn/__local/6/04/87/AB23EED62D13879C09209BE9176_7C3DD5B8_58BB.xlsx,36b89651bf2bb924a487aa4d67ccf6c481d1e2e22c8049b29f508be07384f484,2026-07-14 09:59:45,2026-08-06 06:04:57,有效,0
15,DLUT_HR,大连,大连理工大学,04-28 2026 关于开展退休人员领取养老保险待遇资格认证工作的通知,2026-04-28,2026,行政管理,管理岗,博士,详见官方公告,未明确,未明确,,关于开展退休人员领取养老保险待遇资格认证工作的通知-人力资源处 中文 | English 首页 人才招聘 招聘首页 人才引进 招聘信息 教授课题组招聘 工作动态 机构设置 通知公告 通知公告 七级管理岗任命 师资队伍 师德监督 师德监督 师德师风建设分委员会 博士后工作 流动站简介 政策文件 新闻通告 办事指南 表格下载 党务工作 办事指南 师资室 人事工作室 工资保险室 综合室 文档下载 人才发展室 师资室 人事工作室 工资保险室 综合室 关于开展退休人员领取养老保险待遇资,https://perdep.dlut.edu.cn/,https://perdep.dlut.edu.cn/info/1141/21821.htm,,b7e81db81267ebe7c40d17e8b9eec70c5e561cedbd467cb4b5a3420f91fd6170,2026-07-14 09:57:35,2026-07-20 06:24:34,有效,0
8,DLUT_HR,大连,大连理工大学,04-22 2026 取经江浙沪 谋划新改革 ——大连理工大学人力资源处赴四所高校开展调研,2026-04-22,2026,行政管理,管理岗|管理人员,博士,详见官方公告,未明确,未明确,,取经江浙沪 谋划新改革 ——大连理工大学人力资源处赴四所高校开展调研-人力资源处 中文 | English 首页 人才招聘 招聘首页 人才引进 招聘信息 教授课题组招聘 工作动态 机构设置 通知公告 通知公告 七级管理岗任命 师资队伍 师德监督 师德监督 师德师风建设分委员会 博士后工作 流动站简介 政策文件 新闻通告 办事指南 表格下载 党务工作 办事指南 师资室 人事工作室 工资保险室 综合室 文档下载 人才发展室 师资室 人事工作室 工资保险室 综合室 取经江浙沪 谋划,https://perdep.dlut.edu.cn/,https://perdep.dlut.edu.cn/info/1111/21721.htm,,24c34d63cf2070491843d83ef5c5ef4e1bdf6f11263503674be3cf2c04ef55e0,2026-07-14 09:57:35,2026-07-14 10:44:48,有效,0
99,LNJYT_GSGG,省级,辽宁省教育厅,2026年我省继续实施高校招生专项计划,2026-04-13,2026,待人工复核,,本科,详见官方公告,未明确,未明确,,2026年我省继续实施高校招生专项计划 辽宁省人民政府 邮箱系统 无障碍浏览 首页 基础教育 高等教育 网点地图 职业教育 机构 省教育厅（省委教育工委）领导 省教育厅工作职责 业务处室 直属单位 新闻 头版头条 教育部信息 省委省政府信息 教育要闻 战线联播 图片新闻 公开 最新通知 公示公告 教育文件 政策解读 政府信息公开 服务 政务服务 便民服务 互动 12345综合服务平台 群众投诉 征求意见 依申请公开 专题 便民服务 助学贷款政策 辽宁省教育厅 无障碍浏览 首页,https://jyt.ln.gov.cn/jyt/gk/gsgg/index.shtml,https://jyt.ln.gov.cn/jyt/gk/gsgg/2026041315573560394/index.shtml,,e49fc0445d26316a45fd5a9e331920a6e73ae0c550546301885c267c7808c8f8,2026-07-14 10:00:30,2026-08-06 06:05:57,有效,0
9,DLUT_HR,大连,大连理工大学,04-08 2026 深化交流合作 共谋发展新篇——大连理工大学人力资源处赴哈尔滨工业大学...,2026-04-08,2026,行政管理,管理岗,博士,详见官方公告,未明确,未明确,,深化交流合作 共谋发展新篇——大连理工大学人力资源处赴哈尔滨工业大学开展调研-人力资源处 中文 | English 首页 人才招聘 招聘首页 人才引进 招聘信息 教授课题组招聘 工作动态 机构设置 通知公告 通知公告 七级管理岗任命 师资队伍 师德监督 师德监督 师德师风建设分委员会 博士后工作 流动站简介 政策文件 新闻通告 办事指南 表格下载 党务工作 办事指南 师资室 人事工作室 工资保险室 综合室 文档下载 人才发展室 师资室 人事工作室 工资保险室 综合室 深化交流,https://perdep.dlut.edu.cn/,https://perdep.dlut.edu.cn/info/1111/21371.htm,,660ccd121b3ac88b2cb65e4374d1530981195edcb4a806922382464bf70f639f,2026-07-14 09:57:35,2026-07-14 10:44:48,有效,0
71,LNU_HR,沈阳,辽宁大学,辽宁大学2025年度公开招聘高层次和急需紧缺人才体检通知,2026-03-31,2026,招聘后续通知,,不限/未明确,详见官方公告,未明确,未明确,,辽宁大学2025年度公开招聘高层次和急需紧缺人才体检通知-辽宁大学 人事处 首页 | 单位介绍 | 机构设置 | 工作职责 | 政策法规 | 现任领导 | 人才招聘 | 下载专区 | 联系我们 · 辽宁大学2025年面向社会公开... · 辽宁大学2025年面向社会公开... · 人事科主要工作职责 · 师资科主要工作职责 · 劳资科主要工作职责 · 人才交流中心主要工作职责 · 教职工思想政治教育与师德师风建设... · 考核工作科主要工作职责 · 辽宁人事人才公共服务网 ,https://rsc.lnu.edu.cn/rczp.htm,https://rsc.lnu.edu.cn/info/10465/70755.htm,,c4e4200abb9bba036183d05547227f644486d9d92e0026cb21a8aaebdac424ca,2026-07-14 09:59:45,2026-08-06 06:04:57,有效,0
100,LNJYT_GSGG,省级,辽宁省教育厅,辽宁省2026年中小学校社会事务进校园活动“白名单”公布,2026-03-27,2026,行政管理,行政,本科,详见官方公告,未明确,未明确,,辽宁省2026年中小学校社会事务进校园活动“白名单”公布 辽宁省人民政府 邮箱系统 无障碍浏览 首页 基础教育 高等教育 网点地图 职业教育 机构 省教育厅（省委教育工委）领导 省教育厅工作职责 业务处室 直属单位 新闻 头版头条 教育部信息 省委省政府信息 教育要闻 战线联播 图片新闻 公开 最新通知 公示公告 教育文件 政策解读 政府信息公开 服务 政务服务 便民服务 互动 12345综合服务平台 群众投诉 征求意见 依申请公开 专题 便民服务 助学贷款政策 辽宁省教育厅,https://jyt.ln.gov.cn/jyt/gk/gsgg/index.shtml,https://jyt.ln.gov.cn/jyt/gk/gsgg/2026032714052780071/index.shtml,,4caa63e0432224c8237963073b85205562c1019af870f7d2248a131cd02b9681,2026-07-14 10:00:30,2026-08-06 06:05:57,有效,0
32,DLMU_RCB,大连,大连海事大学,2026年第1批次大连市高层次人才认定公示,2026-03-24,2026,招聘后续通知,办公室,博士,详见官方公告,未明确,未明确,,2026年第1批次大连市高层次人才认定公示-大连海事大学党委人才工作办公室 海大主页 首 页 机构介绍 职能简介 机构人员与业务 工作纪事 联系我们 人才工程 国家级 省市级 校级 申报通知 他山之石 人才招聘 高层次人才 海外优秀青年人才 专任教师 航海类教师 科研人员 博士后 实验教师 博士后工作 流动站介绍 招聘信息 通知公告 管理条例 服务指南 表格下载 柔性人才 客座教授 政策制度 国家省市文件 学校文件 地方人才政策 服务指南 下载中心 引进人才相关 博士后相关 ,https://rcb.dlmu.edu.cn/,https://rcb.dlmu.edu.cn/info/1013/4762.htm,,d8dc10f34da1d68ef644846eb9613337820a2610f8662fd94b9ac594713364fa,2026-07-14 09:58:03,2026-08-06 06:03:42,有效,0
30,DLMU_RCB,大连,大连海事大学,大连海事大学2026年度专任教师（博士）、专职科研人员招聘公告,2026-03-19,2026,其他招聘,办公室,博士,详见官方公告,未明确,是,2026-12-31,大连海事大学2026年度专任教师（博士）、专职科研人员招聘公告-大连海事大学党委人才工作办公室 海大主页 首 页 机构介绍 职能简介 机构人员与业务 工作纪事 联系我们 人才工程 国家级 省市级 校级 申报通知 他山之石 人才招聘 高层次人才 海外优秀青年人才 专任教师 航海类教师 科研人员 博士后 实验教师 博士后工作 流动站介绍 招聘信息 通知公告 管理条例 服务指南 表格下载 柔性人才 客座教授 政策制度 国家省市文件 学校文件 地方人才政策 服务指南 下载中心 引进人,https://rcb.dlmu.edu.cn/,https://rcb.dlmu.edu.cn/info/1013/4752.htm,https://rcb.dlmu.edu.cn/system/_content/download.jsp?urltype=news.DownloadAttachUrl&owner=1631703759&wbfileid=D293446ACF2DB053F811DE1823808FA6|https://rcb.dlmu.edu.cn/system/_content/download.jsp?urltype=news.DownloadAttachUrl&owner=1631703759&wbfileid=2D67ACD4D14DA514009A2C4C5988EF1E,60b5ac1739905bd959b11608c808ed7ac2a7fe810543238cb9241e8188b4f006,2026-07-14 09:58:03,2026-08-06 06:03:42,有效,0
78,SYRS_SYDW,沈阳,沈阳市人力资源和社会保障局,2025年辽宁省事业单位集中面向社会公开招聘报考沈阳市事业单位拟聘用人员公示（第四批）,2026-03-13,2026,招聘后续通知,,不限/未明确,详见官方公告,未明确,未明确,,2025年辽宁省事业单位集中面向社会公开招聘报考沈阳市事业单位拟聘用人员公示（第四批）-事业单位招录信息-沈阳市人力资源和社会保障局 欢迎访问沈阳市人社局！今天是 加入收藏 | 设为首页 无障碍辅助浏览工具条 | 网站首页 新闻中心 政务公开 办事服务 互动交流 专题专栏 网站导航 导航列表 就业资讯 人力资源市场供求信息 事业单位招录信息 就业创业补贴 就业政策解读 就业创业政策 事业单位招录信息 您的位置： 首页 > 政务公开重点工作 > 就业创业信息 > 事业单位招录信,https://rsj.shenyang.gov.cn/zwgkzdgz/jycyxx/sydwzlxx/,https://rsj.shenyang.gov.cn/zwgkzdgz/jycyxx/sydwzlxx/202603/t20260316_4999980.html,https://rsj.shenyang.gov.cn/zwgkzdgz/jycyxx/sydwzlxx/202603/P020260313366615628437.xlsx,f082ee066083f54eb25804b0d3f7bdac4e7ba71d41f9617c130c834221326219,2026-07-14 10:00:09,2026-08-06 06:05:28,有效,0
101,LNJYT_GSGG,省级,辽宁省教育厅,辽宁省教育厅优化营商环境重点任务清单（2026版）,2026-02-12,2026,待人工复核,,本科,详见官方公告,未明确,未明确,,辽宁省教育厅优化营商环境重点任务清单（2026版） 辽宁省人民政府 邮箱系统 无障碍浏览 首页 基础教育 高等教育 网点地图 职业教育 机构 省教育厅（省委教育工委）领导 省教育厅工作职责 业务处室 直属单位 新闻 头版头条 教育部信息 省委省政府信息 教育要闻 战线联播 图片新闻 公开 最新通知 公示公告 教育文件 政策解读 政府信息公开 服务 政务服务 便民服务 互动 12345综合服务平台 群众投诉 征求意见 依申请公开 专题 便民服务 助学贷款政策 辽宁省教育厅 无障,https://jyt.ln.gov.cn/jyt/gk/gsgg/index.shtml,https://jyt.ln.gov.cn/jyt/gk/gsgg/2026021214461715246/index.shtml,,cb08986fa1819bc0004208b52b9bdcd501656b4283c60d74cc997a158b341af6,2026-07-14 10:00:30,2026-08-06 06:05:57,有效,0
21,DLMU_RCB,大连,大连海事大学,海外优秀青年人才,2026-02-10,2026,行政管理,办公室,博士,详见官方公告,未明确,未明确,2025-04-29,海外优秀青年人才-大连海事大学党委人才工作办公室 海大主页 首 页 机构介绍 职能简介 机构人员与业务 工作纪事 联系我们 人才工程 国家级 省市级 校级 申报通知 他山之石 人才招聘 高层次人才 海外优秀青年人才 专任教师 航海类教师 科研人员 博士后 实验教师 博士后工作 流动站介绍 招聘信息 通知公告 管理条例 服务指南 表格下载 柔性人才 客座教授 政策制度 国家省市文件 学校文件 地方人才政策 服务指南 下载中心 引进人才相关 博士后相关 柔性聘任人才相关 人才工程,https://rcb.dlmu.edu.cn/,https://rcb.dlmu.edu.cn/rczp2/hwyxqnrc.htm,,6c0f95b9346e9b53b05ec5e5cca95260a6b8bfb5a3a44faa54e10e130f01b9c0,2026-07-14 09:58:03,2026-08-06 06:03:42,已截止,0
79,SYRS_SYDW,沈阳,沈阳市人力资源和社会保障局,2025年沈阳市事业单位招聘退役大学毕业生士兵拟聘用人员公示,2026-01-30,2026,招聘后续通知,,不限/未明确,详见官方公告,未明确,未明确,,2025年沈阳市事业单位招聘退役大学毕业生士兵拟聘用人员公示-事业单位招录信息-沈阳市人力资源和社会保障局 欢迎访问沈阳市人社局！今天是 加入收藏 | 设为首页 无障碍辅助浏览工具条 | 网站首页 新闻中心 政务公开 办事服务 互动交流 专题专栏 网站导航 导航列表 就业资讯 人力资源市场供求信息 事业单位招录信息 就业创业补贴 就业政策解读 就业创业政策 事业单位招录信息 您的位置： 首页 > 政务公开重点工作 > 就业创业信息 > 事业单位招录信息 2025年沈阳市事业单,https://rsj.shenyang.gov.cn/zwgkzdgz/jycyxx/sydwzlxx/,https://rsj.shenyang.gov.cn/zwgkzdgz/jycyxx/sydwzlxx/202602/t20260202_4980508.html,https://rsj.shenyang.gov.cn/zwgkzdgz/jycyxx/sydwzlxx/202602/P020260130580990423018.xlsx,fc839b74f4d084add9c65c6857b0c9e9a22a4fd96b8e9b258946dff8c04fdaf8,2026-07-14 10:00:09,2026-08-06 06:05:28,有效,0
33,DLMU_RCB,大连,大连海事大学,大连海事大学“兴海特聘教授”岗位招聘启事,2026-01-06,2026,行政管理,办公室,博士,详见官方公告,未明确,未明确,,大连海事大学“兴海特聘教授”岗位招聘启事-大连海事大学党委人才工作办公室 海大主页 首 页 机构介绍 职能简介 机构人员与业务 工作纪事 联系我们 人才工程 国家级 省市级 校级 申报通知 他山之石 人才招聘 高层次人才 海外优秀青年人才 专任教师 航海类教师 科研人员 博士后 实验教师 博士后工作 流动站介绍 招聘信息 通知公告 管理条例 服务指南 表格下载 柔性人才 客座教授 政策制度 国家省市文件 学校文件 地方人才政策 服务指南 下载中心 引进人才相关 博士后相关 柔,https://rcb.dlmu.edu.cn/,https://rcb.dlmu.edu.cn/info/1013/2601.htm,,b1d0c30cadc40777baf76189cb19142ba043f6ee6804688a29e8317c8aca3888,2026-07-14 09:58:03,2026-08-06 06:03:42,有效,0
31,DLMU_RCB,大连,大连海事大学,大连海事大学国家级高层次人才招聘启事,2026-01-06,2026,其他招聘,办公室,博士,详见官方公告,未明确,未明确,,大连海事大学国家级高层次人才招聘启事-大连海事大学党委人才工作办公室 海大主页 首 页 机构介绍 职能简介 机构人员与业务 工作纪事 联系我们 人才工程 国家级 省市级 校级 申报通知 他山之石 人才招聘 高层次人才 海外优秀青年人才 专任教师 航海类教师 科研人员 博士后 实验教师 博士后工作 流动站介绍 招聘信息 通知公告 管理条例 服务指南 表格下载 柔性人才 客座教授 政策制度 国家省市文件 学校文件 地方人才政策 服务指南 下载中心 引进人才相关 博士后相关 柔性聘,https://rcb.dlmu.edu.cn/,https://rcb.dlmu.edu.cn/info/1013/2912.htm,https://rcb.dlmu.edu.cn/system/_content/download.jsp?urltype=news.DownloadAttachUrl&owner=1631703759&wbfileid=713AA157BD3FBD4FF8F8DD0EA9DCC027,32ce8a4287ead5b65cd0356a414295847bec1c65bdb0ca09a291b9b17b1d7c5b,2026-07-14 09:58:03,2026-08-06 06:03:42,有效,0
5,DLUT_HR,大连,大连理工大学,大连理工大学2026年博士后招聘公告 2026-01-01,2026-01-01,2026,其他招聘,管理岗,博士,详见官方公告,未明确,是,,大连理工大学2026年博士后招聘公告-人力资源处 中文 | English 首页 人才招聘 招聘首页 人才引进 招聘信息 教授课题组招聘 工作动态 机构设置 通知公告 通知公告 七级管理岗任命 师资队伍 师德监督 师德监督 师德师风建设分委员会 博士后工作 流动站简介 政策文件 新闻通告 办事指南 表格下载 党务工作 办事指南 师资室 人事工作室 工资保险室 综合室 文档下载 人才发展室 师资室 人事工作室 工资保险室 综合室 大连理工大学2026年博士后招聘公告 2026-,https://perdep.dlut.edu.cn/,https://perdep.dlut.edu.cn/info/1401/21561.htm,,162ac63d444980a866007274471f6685169f364b1504a22d34e9ccd621b591d0,2026-07-14 09:57:35,2026-08-06 06:03:20,有效,0
3,DLUT_HR,大连,大连理工大学,大连理工大学2026年全球人才招聘 2026-01-01,2026-01-01,2026,行政管理,管理岗,博士,详见官方公告,未明确,未明确,,大连理工大学2026年全球人才招聘 -人力资源处 中文 | English 首页 人才招聘 招聘首页 人才引进 招聘信息 教授课题组招聘 工作动态 机构设置 通知公告 通知公告 七级管理岗任命 师资队伍 师德监督 师德监督 师德师风建设分委员会 博士后工作 流动站简介 政策文件 新闻通告 办事指南 表格下载 党务工作 办事指南 师资室 人事工作室 工资保险室 综合室 文档下载 人才发展室 师资室 人事工作室 工资保险室 综合室 大连理工大学2026年全球人才招聘 2026-0,https://perdep.dlut.edu.cn/,https://perdep.dlut.edu.cn/info/1401/21541.htm,,dd59dfa9bdd0db19e01f86d1ea54a70c7b4a27cd113539807c94ad440189fbf5,2026-07-14 09:57:35,2026-08-06 06:03:20,有效,0
2,DLUT_HR,大连,大连理工大学,大连理工大学2026年教授 - 海外优青岗位招聘公告 2026-01-01,2026-01-01,2026,行政管理,管理岗,博士,详见官方公告,未明确,未明确,,大连理工大学2026年教授 - 海外优青岗位招聘公告-人力资源处 中文 | English 首页 人才招聘 招聘首页 人才引进 招聘信息 教授课题组招聘 工作动态 机构设置 通知公告 通知公告 七级管理岗任命 师资队伍 师德监督 师德监督 师德师风建设分委员会 博士后工作 流动站简介 政策文件 新闻通告 办事指南 表格下载 党务工作 办事指南 师资室 人事工作室 工资保险室 综合室 文档下载 人才发展室 师资室 人事工作室 工资保险室 综合室 大连理工大学2026年教授 - ,https://perdep.dlut.edu.cn/,https://perdep.dlut.edu.cn/info/1401/21531.htm,,98acf6a77361fd835c670b2a14a7ba422176afe028e2f963f497dad3d08b0922,2026-07-14 09:57:35,2026-08-06 06:03:20,有效,0
4,DLUT_HR,大连,大连理工大学,大连理工大学机器人与智能系统研究院诚聘海内外英才 2025-12-19,2025-12-19,2025,行政管理,管理岗,博士,详见官方公告,未明确,未明确,,大连理工大学机器人与智能系统研究院诚聘海内外英才-人力资源处 中文 | English 首页 人才招聘 招聘首页 人才引进 招聘信息 教授课题组招聘 工作动态 机构设置 通知公告 通知公告 七级管理岗任命 师资队伍 师德监督 师德监督 师德师风建设分委员会 博士后工作 流动站简介 政策文件 新闻通告 办事指南 表格下载 党务工作 办事指南 师资室 人事工作室 工资保险室 综合室 文档下载 人才发展室 师资室 人事工作室 工资保险室 综合室 大连理工大学机器人与智能系统研究院诚,https://perdep.dlut.edu.cn/,https://perdep.dlut.edu.cn/info/1401/21551.htm,,c1fcf248c3629cddb1a8e2a31b5afb4c6f44ddf9e83bd6152016d43c27f85c36,2026-07-14 09:57:35,2026-08-06 06:03:20,有效,0
80,SYRS_SYDW,沈阳,沈阳市人力资源和社会保障局,关于2025年沈阳市事业单位招聘退役大学毕业生士兵取消和削减岗位招聘计划的通知,2025-11-26,2025,行政管理,办公室,不限/未明确,详见官方公告,未明确,未明确,,关于2025年沈阳市事业单位招聘退役大学毕业生士兵取消和削减岗位招聘计划的通知-事业单位招录信息-沈阳市人力资源和社会保障局 欢迎访问沈阳市人社局！今天是 加入收藏 | 设为首页 无障碍辅助浏览工具条 | 网站首页 新闻中心 政务公开 办事服务 互动交流 专题专栏 网站导航 导航列表 就业资讯 人力资源市场供求信息 事业单位招录信息 就业创业补贴 就业政策解读 就业创业政策 事业单位招录信息 您的位置： 首页 > 政务公开重点工作 > 就业创业信息 > 事业单位招录信息 关于,https://rsj.shenyang.gov.cn/zwgkzdgz/jycyxx/sydwzlxx/,https://rsj.shenyang.gov.cn/zwgkzdgz/jycyxx/sydwzlxx/202511/t20251127_4944432.html,https://rsj.shenyang.gov.cn/zwgkzdgz/jycyxx/sydwzlxx/202511/P020251126578693733971.xlsx,c3809892a7ccf4b3f25b02fe11627c5f6118b52c3e5d5281b8178eed3f41e4fd,2026-07-14 10:00:09,2026-08-06 06:05:28,有效,0
72,LNU_HR,沈阳,辽宁大学,辽宁大学2025年面向社会公开招聘高层次和 急需紧缺人才招聘公告（第四批）,2025-11-14,2025,待人工复核,,博士,详见官方公告,未明确,是,,辽宁大学2025年面向社会公开招聘高层次和 急需紧缺人才招聘公告（第四批）-辽宁大学 人事处 首页 | 单位介绍 | 机构设置 | 工作职责 | 政策法规 | 现任领导 | 人才招聘 | 下载专区 | 联系我们 · 辽宁大学2025年面向社会公开... · 辽宁大学2025年面向社会公开... · 人事科主要工作职责 · 师资科主要工作职责 · 劳资科主要工作职责 · 人才交流中心主要工作职责 · 教职工思想政治教育与师德师风建设... · 考核工作科主要工作职责 · 辽宁人,https://rsc.lnu.edu.cn/rczp.htm,https://rsc.lnu.edu.cn/info/10465/70730.htm,https://rsc.lnu.edu.cn/__local/6/4D/0A/682D4DBF31410B042EEEC0C8E03_B56C5654_3793.xlsx,9cf10589c0e618a20c83a5913e0391f0411599dda6027e38d4ae29566f648e39,2026-07-14 09:59:45,2026-08-06 06:04:57,有效,0
46,DMU_HR,大连,大连医科大学,大连医科大学2025年公开招聘高层次人才拟聘人员公示（第一批第四次）,2025-10-30,2025,招聘后续通知,,博士,详见官方公告,未明确,未明确,,大连医科大学2025年公开招聘高层次人才拟聘人员公示（第一批第四次）-大连医科大学党委教师工作部（人事处） 大连医科大学 | 站内搜索 本站首页 部门简介 政策法规 办事指南 公开招聘 人才工作 博士后工作 最新动态 欢迎光临大连医科大学人力资源部网站 党委教师工作部 人事处 教师思想政治工作与师德师风建设工作 人才工作 教师工作 人事服务 人才工作 教师工作 人事服务 2024年公开招聘 2025年公开招聘 在站工作 政策法规 常用下载 新闻 通知 公示 快捷操作 快速返回,https://rlzyb.dmu.edu.cn/gkzp2/a2025ngkzp.htm,https://rlzyb.dmu.edu.cn/info/1144/2082.htm,,1da3449709950574ce6ce81651cb7ba6376d1083ed8106ea55c28ad356e26d82,2026-07-14 09:58:24,2026-08-06 06:04:09,有效,0
45,DMU_HR,大连,大连医科大学,大连医科大学2025年公开招聘高层次人才拟聘人员公示（第二批第一次）,2025-10-30,2025,招聘后续通知,,博士,详见官方公告,未明确,未明确,,大连医科大学2025年公开招聘高层次人才拟聘人员公示（第二批第一次）-大连医科大学党委教师工作部（人事处） 大连医科大学 | 站内搜索 本站首页 部门简介 政策法规 办事指南 公开招聘 人才工作 博士后工作 最新动态 欢迎光临大连医科大学人力资源部网站 党委教师工作部 人事处 教师思想政治工作与师德师风建设工作 人才工作 教师工作 人事服务 人才工作 教师工作 人事服务 2024年公开招聘 2025年公开招聘 在站工作 政策法规 常用下载 新闻 通知 公示 快捷操作 快速返回,https://rlzyb.dmu.edu.cn/gkzp2/a2025ngkzp.htm,https://rlzyb.dmu.edu.cn/info/1144/2081.htm,,f261991250c4055deace1c636952c1c47c96b3d3124759b15af4d490574af3e0,2026-07-14 09:58:24,2026-08-06 06:04:09,有效,0
44,DMU_HR,大连,大连医科大学,大连医科大学2025年公开招聘高层次人才拟聘人员公示（第三批第二次）,2025-10-30,2025,招聘后续通知,,博士,详见官方公告,未明确,未明确,,大连医科大学2025年公开招聘高层次人才拟聘人员公示（第三批第二次）-大连医科大学党委教师工作部（人事处） 大连医科大学 | 站内搜索 本站首页 部门简介 政策法规 办事指南 公开招聘 人才工作 博士后工作 最新动态 欢迎光临大连医科大学人力资源部网站 党委教师工作部 人事处 教师思想政治工作与师德师风建设工作 人才工作 教师工作 人事服务 人才工作 教师工作 人事服务 2024年公开招聘 2025年公开招聘 在站工作 政策法规 常用下载 新闻 通知 公示 快捷操作 快速返回,https://rlzyb.dmu.edu.cn/gkzp2/a2025ngkzp.htm,https://rlzyb.dmu.edu.cn/info/1144/2080.htm,,ef73edf8b3ba7d0d34524314979abb263c40a228a7f80100b4ca80e9ff4bc5e2,2026-07-14 09:58:24,2026-08-06 06:04:09,有效,0
43,DMU_HR,大连,大连医科大学,2025年公开招聘,2025-10-30,2025,待人工复核,,博士,详见官方公告,未明确,未明确,,2025年公开招聘-大连医科大学党委教师工作部（人事处） 大连医科大学 | 站内搜索 本站首页 部门简介 政策法规 办事指南 公开招聘 人才工作 博士后工作 最新动态 欢迎光临大连医科大学人力资源部网站 党委教师工作部 人事处 教师思想政治工作与师德师风建设工作 人才工作 教师工作 人事服务 人才工作 教师工作 人事服务 2024年公开招聘 2025年公开招聘 在站工作 政策法规 常用下载 新闻 通知 公示 快捷操作 快速返回 本站位置： 本站首页 > 公开招聘 > 2025,https://rlzyb.dmu.edu.cn/gkzp2/a2025ngkzp.htm,https://rlzyb.dmu.edu.cn/gkzp2/a2025ngkzp.htm,,7a22c11cf5c256f833e6a4ee007e73860fcc0865119529146f6a090341bffa4e,2026-07-14 09:58:24,2026-08-06 06:04:09,有效,0
73,LNU_HR,沈阳,辽宁大学,辽宁大学2025年面向社会公开招聘高层次和 急需紧缺人才招聘公告（第三批）,2025-10-22,2025,待人工复核,,博士,详见官方公告,未明确,是,,辽宁大学2025年面向社会公开招聘高层次和 急需紧缺人才招聘公告（第三批）-辽宁大学 人事处 首页 | 单位介绍 | 机构设置 | 工作职责 | 政策法规 | 现任领导 | 人才招聘 | 下载专区 | 联系我们 · 人事科主要工作职责 · 师资科主要工作职责 · 劳资科主要工作职责 · 人才交流中心主要工作职责 · 教职工思想政治教育与师德师风建设... · 考核工作科主要工作职责 · 辽宁人事人才公共服务网 · 辽宁省人民政府 · 辽宁省人事考试网 · 人才招聘 辽宁大学2,https://rsc.lnu.edu.cn/rczp.htm,https://rsc.lnu.edu.cn/info/10465/70717.htm,https://rsc.lnu.edu.cn/__local/D/30/50/0E59172333AE55CCFB0B1090701_D5DB6F93_F189.xlsx,9cbbb517f7d02b40784539b07d876c68ce7238d635b7b731d170a3e4b58317a6,2026-07-14 09:59:45,2026-08-06 06:04:57,有效,0
102,LNJYT_GSGG,省级,辽宁省教育厅,辽宁省2025年中小学教师资格定期注册试点工作公告,2025-10-21,2025,行政管理,行政,本科,详见官方公告,未明确,未明确,,辽宁省2025年中小学教师资格定期注册试点工作公告 辽宁省人民政府 邮箱系统 无障碍浏览 首页 基础教育 高等教育 网点地图 职业教育 机构 省教育厅（省委教育工委）领导 省教育厅工作职责 业务处室 直属单位 新闻 头版头条 教育部信息 省委省政府信息 教育要闻 战线联播 图片新闻 公开 最新通知 公示公告 教育文件 政策解读 政府信息公开 服务 政务服务 便民服务 互动 12345综合服务平台 群众投诉 征求意见 依申请公开 专题 便民服务 助学贷款政策 辽宁省教育厅 无障,https://jyt.ln.gov.cn/jyt/gk/gsgg/index.shtml,https://jyt.ln.gov.cn/jyt/gk/gsgg/2025102117363744495/index.shtml,,bd1f389c9c928b1fcb62ce460395f477cc91c14da61924930bb644b58f82249a,2026-07-14 10:00:30,2026-08-06 06:05:57,有效,0
35,DUFE_HR,大连,东北财经大学,东北财经大学法学院诚聘海内外高水平人才 2025.10.17,2025-10-17,2025,待人工复核,,不限/未明确,详见官方公告,未明确,未明确,,东北财经大学法学院诚聘海内外高水平人才 2025.10.17,https://rsc.dufe.edu.cn/rczp/,https://rsc.dufe.edu.cn/rczp/content_94492.html,,5b7e75e1d3ce7eb9aee3837f15f87a8b14f8ad95c472794ac348aba81c100f52,2026-07-14 09:58:05,2026-08-06 06:03:46,有效,0
103,LNJYT_GSGG,省级,辽宁省教育厅,辽宁省2026年少数民族高层次骨干人才研究生报考资格审核公告,2025-09-30,2025,待人工复核,,博士,详见官方公告,未明确,未明确,,辽宁省2026年少数民族高层次骨干人才研究生报考资格审核公告 辽宁省人民政府 邮箱系统 无障碍浏览 首页 基础教育 高等教育 网点地图 职业教育 机构 省教育厅（省委教育工委）领导 省教育厅工作职责 业务处室 直属单位 新闻 头版头条 教育部信息 省委省政府信息 教育要闻 战线联播 图片新闻 公开 最新通知 公示公告 教育文件 政策解读 政府信息公开 服务 政务服务 便民服务 互动 12345综合服务平台 群众投诉 征求意见 依申请公开 专题 便民服务 助学贷款政策 辽宁省教,https://jyt.ln.gov.cn/jyt/gk/gsgg/index.shtml,https://jyt.ln.gov.cn/jyt/gk/gsgg/2025092916531869420/index.shtml,,d20d5a4cf63f551ab830aa9233557a74d5366adc7a032be5b13daf94103a62b8,2026-07-14 10:00:30,2026-08-06 06:05:57,有效,0
81,SYRS_SYDW,沈阳,沈阳市人力资源和社会保障局,2024年下半年事业单位公开招聘分类考试（2024年沈阳市医疗卫生系统公开招聘工作人员）拟聘用人员公示（第二批）,2025-09-25,2025,招聘后续通知,,不限/未明确,详见官方公告,未明确,未明确,,2024年下半年事业单位公开招聘分类考试（2024年沈阳市医疗卫生系统公开招聘工作人员）拟聘用人员公示（第二批）-事业单位招录信息-沈阳市人力资源和社会保障局 欢迎访问沈阳市人社局！今天是 加入收藏 | 设为首页 无障碍辅助浏览工具条 | 网站首页 新闻中心 政务公开 办事服务 互动交流 专题专栏 网站导航 导航列表 就业资讯 人力资源市场供求信息 事业单位招录信息 就业创业补贴 就业政策解读 就业创业政策 事业单位招录信息 您的位置： 首页 > 政务公开重点工作 > 就业创,https://rsj.shenyang.gov.cn/zwgkzdgz/jycyxx/sydwzlxx/,https://rsj.shenyang.gov.cn/zwgkzdgz/jycyxx/sydwzlxx/202509/t20250926_4912644.html,https://rsj.shenyang.gov.cn/zwgkzdgz/jycyxx/sydwzlxx/202509/P020250925612301866175.xlsx,764317afbee307d0d6929672494a94c1d92a7205833aec2df4c64dceebcfad32,2026-07-14 10:00:09,2026-08-06 06:05:28,有效,0
47,DMU_HR,大连,大连医科大学,大连医科大学2025年公开招聘高层次人才（第四批）公告,2025-07-29,2025,其他招聘,,博士,详见官方公告,未明确,是,2025-12-31,大连医科大学2025年公开招聘高层次人才（第四批）公告-大连医科大学党委教师工作部（人事处） 大连医科大学 | 站内搜索 本站首页 部门简介 政策法规 办事指南 公开招聘 人才工作 博士后工作 最新动态 欢迎光临大连医科大学人力资源部网站 党委教师工作部 人事处 教师思想政治工作与师德师风建设工作 人才工作 教师工作 人事服务 人才工作 教师工作 人事服务 2024年公开招聘 2025年公开招聘 在站工作 政策法规 常用下载 新闻 通知 公示 快捷操作 快速返回 本站位置： ,https://rlzyb.dmu.edu.cn/gkzp2/a2025ngkzp.htm,https://rlzyb.dmu.edu.cn/info/1144/2046.htm,,71336f31b94496ac73e785b3f34c5b2ca28a8683ce0c6ef3483ff7f1c1f16b0f,2026-07-14 09:58:24,2026-08-06 06:04:09,已截止,0
104,LNJYT_GSGG,省级,辽宁省教育厅,辽宁省高中等教育招生考试委员会办公室2025年集中面向社会公开招聘拟聘人员公示,2025-07-14,2025,招聘后续通知,办公室,本科,详见官方公告,未明确,未明确,,辽宁省高中等教育招生考试委员会办公室2025年集中面向社会公开招聘拟聘人员公示 辽宁省人民政府 邮箱系统 无障碍浏览 首页 基础教育 高等教育 网点地图 职业教育 机构 省教育厅（省委教育工委）领导 省教育厅工作职责 业务处室 直属单位 新闻 头版头条 教育部信息 省委省政府信息 教育要闻 战线联播 图片新闻 公开 最新通知 公示公告 教育文件 政策解读 政府信息公开 服务 政务服务 便民服务 互动 12345综合服务平台 群众投诉 征求意见 依申请公开 专题 便民服务 助学,https://jyt.ln.gov.cn/jyt/gk/gsgg/index.shtml,https://jyt.ln.gov.cn/jyt/gk/gsgg/2025071409342418514/index.shtml,,72ee7c139f227eabcfa8f6da03fd1b8a2258357de618d13720b98bd075849ab6,2026-07-14 10:00:30,2026-08-03 06:35:35,有效,0
50,DMU_HR,大连,大连医科大学,大连医科大学2025年公开招聘高层次人才拟聘人员公示（第三批）,2025-07-14,2025,招聘后续通知,,博士,详见官方公告,未明确,未明确,,大连医科大学2025年公开招聘高层次人才拟聘人员公示（第三批）-大连医科大学党委教师工作部（人事处） 大连医科大学 | 站内搜索 本站首页 部门简介 政策法规 办事指南 公开招聘 人才工作 博士后工作 最新动态 欢迎光临大连医科大学人力资源部网站 党委教师工作部 人事处 教师思想政治工作与师德师风建设工作 人才工作 教师工作 人事服务 人才工作 教师工作 人事服务 2024年公开招聘 2025年公开招聘 在站工作 政策法规 常用下载 新闻 通知 公示 快捷操作 快速返回 本站,https://rlzyb.dmu.edu.cn/gkzp2/a2025ngkzp.htm,https://rlzyb.dmu.edu.cn/info/1144/2039.htm,,01f53ba5cb56ce444bd209501277617cd3ec88d3c9dd6c9804a29631f277799e,2026-07-14 09:58:24,2026-08-06 06:04:09,有效,0
49,DMU_HR,大连,大连医科大学,大连医科大学2025年公开招聘高层次人才拟聘人员公示（第四批）,2025-07-14,2025,招聘后续通知,,博士,详见官方公告,未明确,未明确,,大连医科大学2025年公开招聘高层次人才拟聘人员公示（第四批）-大连医科大学党委教师工作部（人事处） 大连医科大学 | 站内搜索 本站首页 部门简介 政策法规 办事指南 公开招聘 人才工作 博士后工作 最新动态 欢迎光临大连医科大学人力资源部网站 党委教师工作部 人事处 教师思想政治工作与师德师风建设工作 人才工作 教师工作 人事服务 人才工作 教师工作 人事服务 2024年公开招聘 2025年公开招聘 在站工作 政策法规 常用下载 新闻 通知 公示 快捷操作 快速返回 本站,https://rlzyb.dmu.edu.cn/gkzp2/a2025ngkzp.htm,https://rlzyb.dmu.edu.cn/info/1144/2038.htm,,152bff8aa4bee2e486ded4e63f5f27de4261fdcaf92631715d2c2854847bd0ec,2026-07-14 09:58:24,2026-08-06 06:04:09,有效,0
48,DMU_HR,大连,大连医科大学,大连医科大学2025年面向社会公开招聘工作人员拟聘人员公示,2025-07-14,2025,招聘后续通知,,博士,详见官方公告,未明确,未明确,,大连医科大学2025年面向社会公开招聘工作人员拟聘人员公示-大连医科大学党委教师工作部（人事处） 大连医科大学 | 站内搜索 本站首页 部门简介 政策法规 办事指南 公开招聘 人才工作 博士后工作 最新动态 欢迎光临大连医科大学人力资源部网站 党委教师工作部 人事处 教师思想政治工作与师德师风建设工作 人才工作 教师工作 人事服务 人才工作 教师工作 人事服务 2024年公开招聘 2025年公开招聘 在站工作 政策法规 常用下载 新闻 通知 公示 快捷操作 快速返回 本站位置,https://rlzyb.dmu.edu.cn/gkzp2/a2025ngkzp.htm,https://rlzyb.dmu.edu.cn/info/1144/2037.htm,,9be55264f325659bccc79de1865e19ec3e0a493488fcef3ad88744410d3e5893,2026-07-14 09:58:24,2026-08-06 06:04:09,有效,0
105,LNJYT_GSGG,省级,辽宁省教育厅,关于辽宁省高中等教育招生考试委员会办公室2025年公开招聘面试人员总成绩及进入体检人员名单...,2025-06-30,2025,招聘后续通知,办公室,本科,详见官方公告,未明确,未明确,,关于辽宁省高中等教育招生考试委员会办公室2025年公开招聘面试人员总成绩及进入体检人员名单的公告 辽宁省人民政府 邮箱系统 无障碍浏览 首页 基础教育 高等教育 网点地图 职业教育 机构 省教育厅（省委教育工委）领导 省教育厅工作职责 业务处室 直属单位 新闻 头版头条 教育部信息 省委省政府信息 教育要闻 战线联播 图片新闻 公开 最新通知 公示公告 教育文件 政策解读 政府信息公开 服务 政务服务 便民服务 互动 12345综合服务平台 群众投诉 征求意见 依申请公开 专,https://jyt.ln.gov.cn/jyt/gk/gsgg/index.shtml,https://jyt.ln.gov.cn/jyt/gk/gsgg/2025063009335261807/index.shtml,,b3fb2a8e3cf3acc8cffe55a40f8ce355ae96788e839242ac09b5e61b39bebf2d,2026-07-14 10:00:30,2026-07-14 10:47:37,有效,0
51,DMU_HR,大连,大连医科大学,大连医科大学关于2025年集中面向社会公开招聘面试人员总成绩及体检事项的公告,2025-06-28,2025,招聘后续通知,,博士,详见官方公告,未明确,未明确,,大连医科大学关于2025年集中面向社会公开招聘面试人员总成绩及体检事项的公告-大连医科大学党委教师工作部（人事处） 大连医科大学 | 站内搜索 本站首页 部门简介 政策法规 办事指南 公开招聘 人才工作 博士后工作 最新动态 欢迎光临大连医科大学人力资源部网站 党委教师工作部 人事处 教师思想政治工作与师德师风建设工作 人才工作 教师工作 人事服务 人才工作 教师工作 人事服务 2024年公开招聘 2025年公开招聘 在站工作 政策法规 常用下载 新闻 通知 公示 快捷操作 ,https://rlzyb.dmu.edu.cn/gkzp2/a2025ngkzp.htm,https://rlzyb.dmu.edu.cn/info/1144/2025.htm,,61f51bb829b76b77b218eee31c883967701b999fbd9fa7e5df614eb58d3f8dc2,2026-07-14 09:58:24,2026-08-06 06:04:09,有效,0
106,LNJYT_GSGG,省级,辽宁省教育厅,辽宁省高中等教育招生考试委员会办公室2025年公开招聘面试公告,2025-06-24,2025,招聘后续通知,办公室,本科,详见官方公告,未明确,未明确,,辽宁省高中等教育招生考试委员会办公室2025年公开招聘面试公告 辽宁省人民政府 邮箱系统 无障碍浏览 首页 基础教育 高等教育 网点地图 职业教育 机构 省教育厅（省委教育工委）领导 省教育厅工作职责 业务处室 直属单位 新闻 头版头条 教育部信息 省委省政府信息 教育要闻 战线联播 图片新闻 公开 最新通知 公示公告 教育文件 政策解读 政府信息公开 服务 政务服务 便民服务 互动 12345综合服务平台 群众投诉 征求意见 依申请公开 专题 便民服务 助学贷款政策 辽宁省,https://jyt.ln.gov.cn/jyt/gk/gsgg/index.shtml,https://jyt.ln.gov.cn/jyt/gk/gsgg/2025062416034994587/index.shtml,,a177115a1fc097dc1af4bc2461e0d54c4e770d8a39d4f5ccfcfc9525b295791e,2026-07-14 10:00:30,2026-07-14 10:47:37,有效,0
82,SYRS_SYDW,沈阳,沈阳市人力资源和社会保障局,2025年沈阳市公开招聘教师总公告,2025-06-12,2025,教辅/实验技术,档案,本科,详见官方公告,未明确,是,2025-08-31,2025年沈阳市公开招聘教师总公告-事业单位招录信息-沈阳市人力资源和社会保障局 欢迎访问沈阳市人社局！今天是 加入收藏 | 设为首页 无障碍辅助浏览工具条 | 网站首页 新闻中心 政务公开 办事服务 互动交流 专题专栏 网站导航 导航列表 就业资讯 人力资源市场供求信息 事业单位招录信息 就业创业补贴 就业政策解读 就业创业政策 事业单位招录信息 您的位置： 首页 > 政务公开重点工作 > 就业创业信息 > 事业单位招录信息 2025年沈阳市公开招聘教师总公告 发布时间：2,https://rsj.shenyang.gov.cn/zwgkzdgz/jycyxx/sydwzlxx/,https://rsj.shenyang.gov.cn/zwgkzdgz/jycyxx/sydwzlxx/202506/t20250613_4863428.html,https://rsj.shenyang.gov.cn/zwgkzdgz/jycyxx/sydwzlxx/202506/P020250612630323269387.xlsx|https://rsj.shenyang.gov.cn/zwgkzdgz/jycyxx/sydwzlxx/202506/P020250612630323292869.docx|https://rsj.shenyang.gov.cn/zwgkzdgz/jycyxx/sydwzlxx/202506/P020250612630323303806.docx,8008df310a7263b4427f1151a7665e056ab9234386b109c0709e062693cacd27,2026-07-14 10:00:09,2026-08-06 06:05:28,已截止,0
52,DMU_HR,大连,大连医科大学,大连医科大学关于2025年辽宁省事业单位集中面向社会公开招聘工作人员资格复审递补公告,2025-05-28,2025,招聘后续通知,,博士,详见官方公告,未明确,未明确,,大连医科大学关于2025年辽宁省事业单位集中面向社会公开招聘工作人员资格复审递补公告-大连医科大学党委教师工作部（人事处） 大连医科大学 | 站内搜索 本站首页 部门简介 政策法规 办事指南 公开招聘 人才工作 博士后工作 最新动态 欢迎光临大连医科大学人力资源部网站 党委教师工作部 人事处 教师思想政治工作与师德师风建设工作 人才工作 教师工作 人事服务 人才工作 教师工作 人事服务 2024年公开招聘 2025年公开招聘 在站工作 政策法规 常用下载 新闻 通知 公示 快,https://rlzyb.dmu.edu.cn/gkzp2/a2025ngkzp.htm,https://rlzyb.dmu.edu.cn/info/1144/2009.htm,,8d2b7775203a77ff69c7f8cc0990f6e59242b777164e601ba87c8b2e77cc6c40,2026-07-14 09:58:24,2026-08-06 06:04:09,有效,0
53,DMU_HR,大连,大连医科大学,大连医科大学2025年公开招聘高层次人才（第三批）公告,2025-05-21,2025,其他招聘,,博士,详见官方公告,未明确,是,2025-12-31,大连医科大学2025年公开招聘高层次人才（第三批）公告-大连医科大学党委教师工作部（人事处） 大连医科大学 | 站内搜索 本站首页 部门简介 政策法规 办事指南 公开招聘 人才工作 博士后工作 最新动态 欢迎光临大连医科大学人力资源部网站 党委教师工作部 人事处 教师思想政治工作与师德师风建设工作 人才工作 教师工作 人事服务 人才工作 教师工作 人事服务 2024年公开招聘 2025年公开招聘 在站工作 政策法规 常用下载 新闻 通知 公示 快捷操作 快速返回 本站位置： ,https://rlzyb.dmu.edu.cn/gkzp2/a2025ngkzp.htm,https://rlzyb.dmu.edu.cn/info/1144/2003.htm,,5b9340bdeb29907d8fa3f3a1f7905f85843b1c8f14176c725f794e8997329c28,2026-07-14 09:58:24,2026-08-06 06:04:09,已截止,0
36,DUFE_HR,大连,东北财经大学,东北财经大学2025年公开招聘高层次和急需紧缺人才公告 2025.05.21,2025-05-21,2025,待人工复核,,不限/未明确,详见官方公告,未明确,未明确,,东北财经大学2025年公开招聘高层次和急需紧缺人才公告 2025.05.21,https://rsc.dufe.edu.cn/rczp/,https://rsc.dufe.edu.cn/rczp/content_91885.html,,34a13d46a18637e4d4eae8f292ba08fec432ec2f4d156443456e6710cccf68de,2026-07-14 09:58:05,2026-08-06 06:03:46,有效,0
54,DMU_HR,大连,大连医科大学,大连医科大学关于2025年辽宁省事业单位集中面向社会公开招聘工作人员拟面试人员资格复...,2025-05-20,2025,招聘后续通知,档案,博士,详见官方公告,是,是,,大连医科大学关于2025年辽宁省事业单位集中面向社会公开招聘工作人员拟面试人员资格复审的通知-大连医科大学党委教师工作部（人事处） 大连医科大学 | 站内搜索 本站首页 部门简介 政策法规 办事指南 公开招聘 人才工作 博士后工作 最新动态 欢迎光临大连医科大学人力资源部网站 党委教师工作部 人事处 教师思想政治工作与师德师风建设工作 人才工作 教师工作 人事服务 人才工作 教师工作 人事服务 2024年公开招聘 2025年公开招聘 在站工作 政策法规 常用下载 新闻 通知 ,https://rlzyb.dmu.edu.cn/gkzp2/a2025ngkzp.htm,https://rlzyb.dmu.edu.cn/info/1144/2001.htm,,a453a39076d953be0b2c9dd51c91dd2303389953a6b41f86063b7fc4b5206658,2026-07-14 09:58:24,2026-08-06 06:04:09,有效,0
55,DMU_HR,大连,大连医科大学,大连医科大学2025年公开招聘高层次人才拟聘人员（第一批）公示,2025-04-17,2025,招聘后续通知,,博士,详见官方公告,未明确,未明确,,大连医科大学2025年公开招聘高层次人才拟聘人员（第一批）公示-大连医科大学党委教师工作部（人事处） 大连医科大学 | 站内搜索 本站首页 部门简介 政策法规 办事指南 公开招聘 人才工作 博士后工作 最新动态 欢迎光临大连医科大学人力资源部网站 党委教师工作部 人事处 教师思想政治工作与师德师风建设工作 人才工作 教师工作 人事服务 人才工作 教师工作 人事服务 2024年公开招聘 2025年公开招聘 在站工作 政策法规 常用下载 新闻 通知 公示 快捷操作 快速返回 本站,https://rlzyb.dmu.edu.cn/gkzp2/a2025ngkzp.htm,https://rlzyb.dmu.edu.cn/info/1144/1985.htm,,092cd18c05e0a08608a82f92376183a7d157fd7be1be0cf18614e71054e6fc8e,2026-07-14 09:58:24,2026-08-06 06:04:09,有效,0
22,DLMU_RCB,大连,大连海事大学,地方人才政策,2025-04-17,2025,行政管理,办公室,博士,详见官方公告,未明确,未明确,,地方人才政策-大连海事大学党委人才工作办公室 海大主页 首 页 机构介绍 职能简介 机构人员与业务 工作纪事 联系我们 人才工程 国家级 省市级 校级 申报通知 他山之石 人才招聘 高层次人才 海外优秀青年人才 专任教师 航海类教师 科研人员 博士后 实验教师 博士后工作 流动站介绍 招聘信息 通知公告 管理条例 服务指南 表格下载 柔性人才 客座教授 政策制度 国家省市文件 学校文件 地方人才政策 服务指南 下载中心 引进人才相关 博士后相关 柔性聘任人才相关 人才工程相关,https://rcb.dlmu.edu.cn/,https://rcb.dlmu.edu.cn/zczd/dfrczc.htm,,f3da04531326c4aab89ae9402d19545b5fc854da703a463b70a8d49c0141d85b,2026-07-14 09:58:03,2026-08-06 06:03:42,有效,0
56,DMU_HR,大连,大连医科大学,大连医科大学2025年第二批公开招聘高层次人才公告,2025-04-16,2025,其他招聘,,博士,详见官方公告,未明确,是,2025-12-31,大连医科大学2025年第二批公开招聘高层次人才公告-大连医科大学党委教师工作部（人事处） 大连医科大学 | 站内搜索 本站首页 部门简介 政策法规 办事指南 公开招聘 人才工作 博士后工作 最新动态 欢迎光临大连医科大学人力资源部网站 党委教师工作部 人事处 教师思想政治工作与师德师风建设工作 人才工作 教师工作 人事服务 人才工作 教师工作 人事服务 2024年公开招聘 2025年公开招聘 在站工作 政策法规 常用下载 新闻 通知 公示 快捷操作 快速返回 本站位置： 本站,https://rlzyb.dmu.edu.cn/gkzp2/a2025ngkzp.htm,https://rlzyb.dmu.edu.cn/info/1144/1986.htm,,3c340170d4c5b8078518e534a438bb74075912e5c29305d1890563bc5f25cd00,2026-07-14 09:58:24,2026-08-06 06:04:09,已截止,0
83,SYRS_SYDW,沈阳,沈阳市人力资源和社会保障局,2024年沈阳市事业单位招聘退役大学毕业生士兵拟聘用人员公示,2025-04-15,2025,招聘后续通知,,不限/未明确,详见官方公告,未明确,未明确,,2024年沈阳市事业单位招聘退役大学毕业生士兵拟聘用人员公示-事业单位招录信息-沈阳市人力资源和社会保障局 欢迎访问沈阳市人社局！今天是 加入收藏 | 设为首页 无障碍辅助浏览工具条 | 网站首页 新闻中心 政务公开 办事服务 互动交流 专题专栏 网站导航 导航列表 就业资讯 人力资源市场供求信息 事业单位招录信息 就业创业补贴 就业政策解读 就业创业政策 事业单位招录信息 您的位置： 首页 > 政务公开重点工作 > 就业创业信息 > 事业单位招录信息 2024年沈阳市事业单,https://rsj.shenyang.gov.cn/zwgkzdgz/jycyxx/sydwzlxx/,https://rsj.shenyang.gov.cn/zwgkzdgz/jycyxx/sydwzlxx/202504/t20250415_4836573.html,https://rsj.shenyang.gov.cn/zwgkzdgz/jycyxx/sydwzlxx/202504/P020250415507576113470.xlsx,76e7ba77f34711391b579b4ff53228b8bb92965b38a85e5afb5255b6456e2583,2026-07-14 10:00:09,2026-08-06 06:05:28,有效,0
84,SYRS_SYDW,沈阳,沈阳市人力资源和社会保障局,2024年沈阳市医疗卫生系统公开招聘工作人员拟聘用人员公示,2025-03-20,2025,招聘后续通知,,不限/未明确,详见官方公告,未明确,未明确,,2024年沈阳市医疗卫生系统公开招聘工作人员拟聘用人员公示-事业单位招录信息-沈阳市人力资源和社会保障局 欢迎访问沈阳市人社局！今天是 加入收藏 | 设为首页 无障碍辅助浏览工具条 | 网站首页 新闻中心 政务公开 办事服务 互动交流 专题专栏 网站导航 导航列表 就业资讯 人力资源市场供求信息 事业单位招录信息 就业创业补贴 就业政策解读 就业创业政策 事业单位招录信息 您的位置： 首页 > 政务公开重点工作 > 就业创业信息 > 事业单位招录信息 2024年沈阳市医疗卫生,https://rsj.shenyang.gov.cn/zwgkzdgz/jycyxx/sydwzlxx/,https://rsj.shenyang.gov.cn/zwgkzdgz/jycyxx/sydwzlxx/202503/t20250320_4824567.html,https://rsj.shenyang.gov.cn/zwgkzdgz/jycyxx/sydwzlxx/202503/P020250320535113943482.xlsx,e49fdcf1fcc6657a6495ec5af132b5747618399e0b491ea9599bdd4ce4e4753a,2026-07-14 10:00:09,2026-08-06 06:05:28,有效,0
85,SYRS_SYDW,沈阳,沈阳市人力资源和社会保障局,2024年辽宁省事业单位集中面向社会公开招聘报考沈阳市事业单位拟聘用人员公示（第八批）,2025-03-13,2025,招聘后续通知,,不限/未明确,详见官方公告,未明确,未明确,,2024年辽宁省事业单位集中面向社会公开招聘报考沈阳市事业单位拟聘用人员公示（第八批）-事业单位招录信息-沈阳市人力资源和社会保障局 欢迎访问沈阳市人社局！今天是 加入收藏 | 设为首页 无障碍辅助浏览工具条 | 网站首页 新闻中心 政务公开 办事服务 互动交流 专题专栏 网站导航 导航列表 就业资讯 人力资源市场供求信息 事业单位招录信息 就业创业补贴 就业政策解读 就业创业政策 事业单位招录信息 您的位置： 首页 > 政务公开重点工作 > 就业创业信息 > 事业单位招录信,https://rsj.shenyang.gov.cn/zwgkzdgz/jycyxx/sydwzlxx/,https://rsj.shenyang.gov.cn/zwgkzdgz/jycyxx/sydwzlxx/202503/t20250314_4821696.html,https://rsj.shenyang.gov.cn/zwgkzdgz/jycyxx/sydwzlxx/202503/P020250313592177171428.xlsx,a1fc7dc12e3072052221214b2d1803216aed58dd429630c3fdce1789b022f48d,2026-07-14 10:00:09,2026-08-06 06:05:28,有效,0
42,DMU_HR,大连,大连医科大学,2024年公开招聘,2025-03-12,2025,待人工复核,,博士,详见官方公告,未明确,未明确,,2024年公开招聘-大连医科大学党委教师工作部（人事处） 大连医科大学 | 站内搜索 本站首页 部门简介 政策法规 办事指南 公开招聘 人才工作 博士后工作 最新动态 欢迎光临大连医科大学人力资源部网站 党委教师工作部 人事处 教师思想政治工作与师德师风建设工作 人才工作 教师工作 人事服务 人才工作 教师工作 人事服务 2024年公开招聘 2025年公开招聘 在站工作 政策法规 常用下载 新闻 通知 公示 快捷操作 快速返回 本站位置： 本站首页 > 公开招聘 > 2024,https://rlzyb.dmu.edu.cn/gkzp2/a2025ngkzp.htm,https://rlzyb.dmu.edu.cn/gkzp2/gkzp2024.htm,,9526c61fa30e59cfddb4bedf42b17f4b1e803db3f5c021c5f2f34b02e0982186,2026-07-14 09:58:24,2026-08-06 06:04:09,有效,0
87,SYRS_SYDW,沈阳,沈阳市人力资源和社会保障局,2024年辽宁省事业单位集中面向社会公开招聘报考沈阳市事业单位拟聘用人员公示（第七批）,2025-01-16,2025,招聘后续通知,,不限/未明确,详见官方公告,未明确,未明确,,2024年辽宁省事业单位集中面向社会公开招聘报考沈阳市事业单位拟聘用人员公示（第七批）-事业单位招录信息-沈阳市人力资源和社会保障局 欢迎访问沈阳市人社局！今天是 加入收藏 | 设为首页 无障碍辅助浏览工具条 | 网站首页 新闻中心 政务公开 办事服务 互动交流 专题专栏 网站导航 导航列表 就业资讯 人力资源市场供求信息 事业单位招录信息 就业创业补贴 就业政策解读 就业创业政策 事业单位招录信息 您的位置： 首页 > 政务公开重点工作 > 就业创业信息 > 事业单位招录信,https://rsj.shenyang.gov.cn/zwgkzdgz/jycyxx/sydwzlxx/,https://rsj.shenyang.gov.cn/zwgkzdgz/jycyxx/sydwzlxx/202501/t20250116_4797377.html,https://rsj.shenyang.gov.cn/zwgkzdgz/jycyxx/sydwzlxx/202501/P020250116373845887835.xlsx,0dfe5196ca3ff904e35784407b15ed8cfaf9a4f7f7cf71e8d5e338fe0a6e5422,2026-07-14 10:00:09,2026-08-06 06:05:28,有效,0
86,SYRS_SYDW,沈阳,沈阳市人力资源和社会保障局,2024年沈阳市事业单位招聘退役大学毕业生士兵拟聘用人员公示,2025-01-16,2025,招聘后续通知,,不限/未明确,详见官方公告,未明确,未明确,,2024年沈阳市事业单位招聘退役大学毕业生士兵拟聘用人员公示-事业单位招录信息-沈阳市人力资源和社会保障局 欢迎访问沈阳市人社局！今天是 加入收藏 | 设为首页 无障碍辅助浏览工具条 | 网站首页 新闻中心 政务公开 办事服务 互动交流 专题专栏 网站导航 导航列表 就业资讯 人力资源市场供求信息 事业单位招录信息 就业创业补贴 就业政策解读 就业创业政策 事业单位招录信息 您的位置： 首页 > 政务公开重点工作 > 就业创业信息 > 事业单位招录信息 2024年沈阳市事业单,https://rsj.shenyang.gov.cn/zwgkzdgz/jycyxx/sydwzlxx/,https://rsj.shenyang.gov.cn/zwgkzdgz/jycyxx/sydwzlxx/202501/t20250117_4798012.html,https://rsj.shenyang.gov.cn/zwgkzdgz/jycyxx/sydwzlxx/202501/P020250116524421901315.xlsx,c6b8d6060b622ad75396e86ce3d869610746f039114aa7cb08c04aa28fe0f05c,2026-07-14 10:00:09,2026-08-06 06:05:28,有效,0
57,DMU_HR,大连,大连医科大学,大连医科大学2025年公开招聘高层次和急需紧缺人才公告,2025-01-13,2025,待人工复核,,博士,详见官方公告,未明确,是,2025-12-31,大连医科大学2025年公开招聘高层次和急需紧缺人才公告-大连医科大学党委教师工作部（人事处） 大连医科大学 | 站内搜索 本站首页 部门简介 政策法规 办事指南 公开招聘 人才工作 博士后工作 最新动态 欢迎光临大连医科大学人力资源部网站 党委教师工作部 人事处 教师思想政治工作与师德师风建设工作 人才工作 教师工作 人事服务 人才工作 教师工作 人事服务 2024年公开招聘 2025年公开招聘 在站工作 政策法规 常用下载 新闻 通知 公示 快捷操作 快速返回 本站位置： ,https://rlzyb.dmu.edu.cn/gkzp2/a2025ngkzp.htm,https://rlzyb.dmu.edu.cn/info/1144/1923.htm,,0c4807be13ea78362986f70e5269d0ffaac592872f9756e13b0045ddd5eaa1f9,2026-07-14 09:58:24,2026-08-06 06:04:09,已截止,0
88,SYRS_SYDW,沈阳,沈阳市人力资源和社会保障局,2024年沈阳市事业单位招聘退役大学毕业生士兵体检通知,2024-12-24,2024,招聘后续通知,,不限/未明确,详见官方公告,未明确,未明确,,2024年沈阳市事业单位招聘退役大学毕业生士兵体检通知-事业单位招录信息-沈阳市人力资源和社会保障局 欢迎访问沈阳市人社局！今天是 加入收藏 | 设为首页 无障碍辅助浏览工具条 | 网站首页 新闻中心 政务公开 办事服务 互动交流 专题专栏 网站导航 导航列表 就业资讯 人力资源市场供求信息 事业单位招录信息 就业创业补贴 就业政策解读 就业创业政策 事业单位招录信息 您的位置： 首页 > 政务公开重点工作 > 就业创业信息 > 事业单位招录信息 2024年沈阳市事业单位招聘,https://rsj.shenyang.gov.cn/zwgkzdgz/jycyxx/sydwzlxx/,https://rsj.shenyang.gov.cn/zwgkzdgz/jycyxx/sydwzlxx/202412/t20241224_4781043.html,https://rsj.shenyang.gov.cn/zwgkzdgz/jycyxx/sydwzlxx/202412/P020241224360984818386.xlsx|https://rsj.shenyang.gov.cn/zwgkzdgz/jycyxx/sydwzlxx/202412/P020241224360984857069.xls,e513fcdb7891c4b2a8e703402b8048529507a2b0e4370d370ca5e8e7759b5add,2026-07-14 10:00:09,2026-08-06 06:05:28,有效,0
89,SYRS_SYDW,沈阳,沈阳市人力资源和社会保障局,2024年沈阳市事业单位招聘退役大学毕业生士兵公告,2024-11-22,2024,待人工复核,,本科,详见官方公告,未明确,未明确,2024-11-26,2024年沈阳市事业单位招聘退役大学毕业生士兵公告-事业单位招录信息-沈阳市人力资源和社会保障局 欢迎访问沈阳市人社局！今天是 加入收藏 | 设为首页 无障碍辅助浏览工具条 | 网站首页 新闻中心 政务公开 办事服务 互动交流 专题专栏 网站导航 导航列表 就业资讯 人力资源市场供求信息 事业单位招录信息 就业创业补贴 就业政策解读 就业创业政策 事业单位招录信息 您的位置： 首页 > 政务公开重点工作 > 就业创业信息 > 事业单位招录信息 2024年沈阳市事业单位招聘退役,https://rsj.shenyang.gov.cn/zwgkzdgz/jycyxx/sydwzlxx/,https://rsj.shenyang.gov.cn/zwgkzdgz/jycyxx/sydwzlxx/202411/t20241125_4764587.html,https://rsj.shenyang.gov.cn/zwgkzdgz/jycyxx/sydwzlxx/202411/P020241122638766075150.xls,4c7d52ec4f3e1f842090b5b5bae4f6230ae47488953cba5eee80ff1e0ca4fb32,2026-07-14 10:00:09,2026-07-30 05:54:17,已截止,0
90,SYRS_SYDW,沈阳,沈阳市人力资源和社会保障局,沈阳大学等6家事业单位2024年面向社会公开招聘工作人员公告,2024-11-05,2024,教辅/实验技术,档案,博士,详见官方公告,未明确,是,2024-11-13,沈阳大学等6家事业单位2024年面向社会公开招聘工作人员公告-事业单位招录信息-沈阳市人力资源和社会保障局 欢迎访问沈阳市人社局！今天是 加入收藏 | 设为首页 无障碍辅助浏览工具条 | 网站首页 新闻中心 政务公开 办事服务 互动交流 专题专栏 网站导航 导航列表 就业资讯 人力资源市场供求信息 事业单位招录信息 就业创业补贴 就业政策解读 就业创业政策 事业单位招录信息 您的位置： 首页 > 政务公开重点工作 > 就业创业信息 > 事业单位招录信息 沈阳大学等6家事业单位,https://rsj.shenyang.gov.cn/zwgkzdgz/jycyxx/sydwzlxx/,https://rsj.shenyang.gov.cn/zwgkzdgz/jycyxx/sydwzlxx/202411/t20241113_4758861.html,https://rsj.shenyang.gov.cn/zwgkzdgz/jycyxx/sydwzlxx/202411/P020241106343664974694.xlsx,7496a8ebe9825a3660d254f06f0a51bf374c58dfa7e57c3a2669b2822bf3504b,2026-07-14 10:00:09,2026-08-06 06:05:28,已截止,0
26,DLMU_RCB,大连,大连海事大学,2024年第一期有组织人才培养交流研讨会顺利召开,2024-10-22,2024,行政管理,办公室,博士,详见官方公告,未明确,未明确,,2024年第一期有组织人才培养交流研讨会顺利召开-大连海事大学党委人才工作办公室 海大主页 首 页 机构介绍 职能简介 机构人员与业务 工作纪事 联系我们 人才工程 国家级 省市级 校级 申报通知 他山之石 人才招聘 高层次人才 海外优秀青年人才 专任教师 航海类教师 科研人员 博士后 实验教师 博士后工作 流动站介绍 招聘信息 通知公告 管理条例 服务指南 表格下载 柔性人才 客座教授 政策制度 国家省市文件 学校文件 地方人才政策 服务指南 下载中心 引进人才相关 博士后,https://rcb.dlmu.edu.cn/,https://rcb.dlmu.edu.cn/info/1014/4192.htm,,57296e4e3f1f3d5b56cbca38162961943665748c8d4432167cd4af5fa3f1c70d,2026-07-14 09:58:03,2026-08-06 06:03:42,有效,0
91,SYRS_SYDW,沈阳,沈阳市人力资源和社会保障局,沈阳市事业单位定向招聘2024年度符合政府安排工作条件退役士兵公告,2024-08-09,2024,教辅/实验技术,档案,不限/未明确,详见官方公告,未明确,未明确,2024-08-12,沈阳市事业单位定向招聘2024年度符合政府安排工作条件退役士兵公告-事业单位招录信息-沈阳市人力资源和社会保障局 欢迎访问沈阳市人社局！今天是 加入收藏 | 设为首页 无障碍辅助浏览工具条 | 网站首页 新闻中心 政务公开 办事服务 互动交流 专题专栏 网站导航 导航列表 就业资讯 人力资源市场供求信息 事业单位招录信息 就业创业补贴 就业政策解读 就业创业政策 事业单位招录信息 您的位置： 首页 > 政务公开重点工作 > 就业创业信息 > 事业单位招录信息 沈阳市事业单位定,https://rsj.shenyang.gov.cn/zwgkzdgz/jycyxx/sydwzlxx/,https://rsj.shenyang.gov.cn/zwgkzdgz/jycyxx/sydwzlxx/202408/t20240809_4714158.html,https://rsj.shenyang.gov.cn/zwgkzdgz/jycyxx/sydwzlxx/202408/P020240830585593519960.xlsx,4aa458e586d9869365becd2c8eb5ad309ea8a4c5fd65b5ced817a096099e2e71,2026-07-14 10:00:09,2026-08-06 06:05:28,已截止,0
37,DUFE_HR,大连,东北财经大学,东北财经大学2024年公开招聘高层次和急需紧缺人才公告 2024.07.02,2024-07-02,2024,待人工复核,,不限/未明确,详见官方公告,未明确,未明确,,东北财经大学2024年公开招聘高层次和急需紧缺人才公告 2024.07.02,https://rsc.dufe.edu.cn/rczp/,https://rsc.dufe.edu.cn/rczp/content_84873.html,,2718231fc8933eef257f91ce0c3016a552ec8f8c20c4bfecb045f9d54a42eae8,2026-07-14 09:58:05,2026-08-06 06:03:46,有效,0
20,DLUT_HR,大连,大连理工大学,大连理工大学兼职教师聘任管理办法,2024-06-06,2024,行政管理,管理岗|党政,博士,详见官方公告,未明确,未明确,,大连理工大学兼职教师聘任管理办法-人力资源处 中文 | English 首页 人才招聘 招聘首页 人才引进 招聘信息 教授课题组招聘 工作动态 机构设置 通知公告 通知公告 七级管理岗任命 师资队伍 师德监督 师德监督 师德师风建设分委员会 博士后工作 流动站简介 政策文件 新闻通告 办事指南 表格下载 党务工作 办事指南 师资室 人事工作室 工资保险室 综合室 文档下载 人才发展室 师资室 人事工作室 工资保险室 综合室 大连理工大学兼职教师聘任管理办法 2024-06-0,https://perdep.dlut.edu.cn/,https://perdep.dlut.edu.cn/info/1431/19751.htm,,0f13eed294e1d45127119d293615a686d14bc2872e8d60fed7de3b53eaeec4ec,2026-07-14 09:57:35,2026-08-06 06:03:20,有效,0
16,DLUT_HR,大连,大连理工大学,教职工退休手续办理指南,2024-03-22,2024,行政管理,管理岗|图书|档案,博士,详见官方公告,未明确,未明确,,教职工退休手续办理指南-人力资源处 中文 | English 首页 人才招聘 招聘首页 人才引进 招聘信息 教授课题组招聘 工作动态 机构设置 通知公告 通知公告 七级管理岗任命 师资队伍 师德监督 师德监督 师德师风建设分委员会 博士后工作 流动站简介 政策文件 新闻通告 办事指南 表格下载 党务工作 办事指南 师资室 人事工作室 工资保险室 综合室 文档下载 人才发展室 师资室 人事工作室 工资保险室 综合室 教职工退休手续办理指南 2024-03-22 点击：[ ] 风,https://perdep.dlut.edu.cn/,https://perdep.dlut.edu.cn/info/1191/16801.htm,,232f1039e67abd75262dfde3671e3f6eb2f5eafb03ae6b1bfdde886daef0c2b7,2026-07-14 09:57:35,2026-08-06 06:03:20,有效,0
107,DLUT_HR,大连,大连理工大学,高层次人才服务保障健康管理篇,2024-02-22,2024,其他招聘,管理岗,博士,详见官方公告,未明确,未明确,,高层次人才服务保障健康管理篇-人力资源处 中文 | English 首页 人才招聘 招聘首页 人才引进 招聘信息 教授课题组招聘 工作动态 机构设置 通知公告 通知公告 七级管理岗任命 师资队伍 师德监督 师德监督 师德师风建设分委员会 博士后工作 流动站简介 政策文件 新闻通告 办事指南 表格下载 党务工作 办事指南 师资室 人事工作室 工资保险室 综合室 文档下载 人才发展室 师资室 人事工作室 工资保险室 综合室 高层次人才服务保障健康管理篇 2024-02-22 点击,https://perdep.dlut.edu.cn/,https://perdep.dlut.edu.cn/info/1431/19741.htm,,c8519616a28291a5b6d5125f04171412bc59ec1db43349169b3a0d5699a5961d,2026-07-19 01:49:44,2026-08-06 06:03:20,有效,0
109,DLUT_HR,大连,大连理工大学,高层次人才服务保障景点游玩篇,2024-02-18,2024,其他招聘,管理岗,博士,详见官方公告,未明确,未明确,,高层次人才服务保障景点游玩篇-人力资源处 中文 | English 首页 人才招聘 招聘首页 人才引进 招聘信息 教授课题组招聘 工作动态 机构设置 通知公告 通知公告 七级管理岗任命 师资队伍 师德监督 师德监督 师德师风建设分委员会 博士后工作 流动站简介 政策文件 新闻通告 办事指南 表格下载 党务工作 办事指南 师资室 人事工作室 工资保险室 综合室 文档下载 人才发展室 师资室 人事工作室 工资保险室 综合室 高层次人才服务保障景点游玩篇 2024-02-18 点击,https://perdep.dlut.edu.cn/,https://perdep.dlut.edu.cn/info/1431/19721.htm,,7c85251b9bbab8bb2e64bbe21c753e48cf7d1b6fd8c2f4b97ca2afb2f6c5fe7c,2026-07-19 01:49:44,2026-08-06 06:03:20,有效,0
108,DLUT_HR,大连,大连理工大学,高层次人才服务保障出行服务篇,2024-02-18,2024,其他招聘,管理岗,博士,详见官方公告,未明确,未明确,,高层次人才服务保障出行服务篇-人力资源处 中文 | English 首页 人才招聘 招聘首页 人才引进 招聘信息 教授课题组招聘 工作动态 机构设置 通知公告 通知公告 七级管理岗任命 师资队伍 师德监督 师德监督 师德师风建设分委员会 博士后工作 流动站简介 政策文件 新闻通告 办事指南 表格下载 党务工作 办事指南 师资室 人事工作室 工资保险室 综合室 文档下载 人才发展室 师资室 人事工作室 工资保险室 综合室 高层次人才服务保障出行服务篇 2024-02-18 点击,https://perdep.dlut.edu.cn/,https://perdep.dlut.edu.cn/info/1431/19731.htm,,c4a208ae68206319f06a3ecaf7bf9126324ece5f4c56e0d5d882a96b44b164c7,2026-07-19 01:49:44,2026-08-06 06:03:20,有效,0
38,DUFE_HR,大连,东北财经大学,东北财经大学2023年公开招聘 高层次和急需紧缺人才公告（第二批） 2023.11.17,2023-11-17,2023,待人工复核,,不限/未明确,详见官方公告,未明确,未明确,,东北财经大学2023年公开招聘 高层次和急需紧缺人才公告（第二批） 2023.11.17,https://rsc.dufe.edu.cn/rczp/,https://rsc.dufe.edu.cn/rczp/content_79354.html,,2b62426d40a0de8ade855345b8636beb7a764e724d2b94fc4ae5e8b7b3d0c015,2026-07-14 09:58:05,2026-08-06 06:03:46,有效,0
110,DLUT_HR,大连,大连理工大学,大连理工大学教学科研人员校外兼职管理办法,2023-10-31,2023,其他招聘,管理岗,博士,详见官方公告,未明确,未明确,,大连理工大学教学科研人员校外兼职管理办法-人力资源处 中文 | English 首页 人才招聘 招聘首页 人才引进 招聘信息 教授课题组招聘 工作动态 机构设置 通知公告 通知公告 七级管理岗任命 师资队伍 师德监督 师德监督 师德师风建设分委员会 博士后工作 流动站简介 政策文件 新闻通告 办事指南 表格下载 党务工作 办事指南 师资室 人事工作室 工资保险室 综合室 文档下载 人才发展室 师资室 人事工作室 工资保险室 综合室 大连理工大学教学科研人员校外兼职管理办法 2,https://perdep.dlut.edu.cn/,https://perdep.dlut.edu.cn/info/1431/19711.htm,,bd71409d3dfe46b06f3201a0fbf4fe0f5c0f4fc68d41ba759c3a561cd432ffab,2026-07-19 01:49:44,2026-08-06 06:03:20,有效,0
39,DUFE_HR,大连,东北财经大学,东北财经大学2023年公开招聘 高层次和急需紧缺人才公告 2023.06.08,2023-06-08,2023,待人工复核,,不限/未明确,详见官方公告,未明确,未明确,,东北财经大学2023年公开招聘 高层次和急需紧缺人才公告 2023.06.08,https://rsc.dufe.edu.cn/rczp/,https://rsc.dufe.edu.cn/rczp/content_74774.html,,8fc1998384f3e99792f08c7f9f816ce57014fbcfc7bf13d8c40756d4055777a1,2026-07-14 09:58:05,2026-08-06 06:03:46,有效,0
17,DLUT_HR,大连,大连理工大学,引进人才科研启动项目年度进展及结题工作指南,2023-04-13,2023,行政管理,管理岗|办公室|财务,博士,详见官方公告,未明确,未明确,,引进人才科研启动项目年度进展及结题工作指南-人力资源处 中文 | English 首页 人才招聘 招聘首页 人才引进 招聘信息 教授课题组招聘 工作动态 机构设置 通知公告 通知公告 七级管理岗任命 师资队伍 师德监督 师德监督 师德师风建设分委员会 博士后工作 流动站简介 政策文件 新闻通告 办事指南 表格下载 党务工作 办事指南 师资室 人事工作室 工资保险室 综合室 文档下载 人才发展室 师资室 人事工作室 工资保险室 综合室 引进人才科研启动项目年度进展及结题工作指南,https://perdep.dlut.edu.cn/,https://perdep.dlut.edu.cn/info/1191/16791.htm,https://perdep.dlut.edu.cn/system/_content/download.jsp?urltype=news.DownloadAttachUrl&owner=2093883458&wbfileid=E7C975893583B7A499F4AA283458B58D|https://perdep.dlut.edu.cn/system/_content/download.jsp?urltype=news.DownloadAttachUrl&owner=2093883458&wbfileid=66AD873193946DD950DE7EEA1736AEA1,851ee6051f3dbfcfa1de6f79b94a8aea923d61ceee80afe81fe3ead411972d1a,2026-07-14 09:57:35,2026-08-06 06:03:20,有效,0
18,DLUT_HR,大连,大连理工大学,引进人才科研启动项目申报指南,2022-06-01,2022,行政管理,管理岗|办公室|财务,博士,详见官方公告,未明确,未明确,2022-06-01,引进人才科研启动项目申报指南-人力资源处 中文 | English 首页 人才招聘 招聘首页 人才引进 招聘信息 教授课题组招聘 工作动态 机构设置 通知公告 通知公告 七级管理岗任命 师资队伍 师德监督 师德监督 师德师风建设分委员会 博士后工作 流动站简介 政策文件 新闻通告 办事指南 表格下载 党务工作 办事指南 师资室 人事工作室 工资保险室 综合室 文档下载 人才发展室 师资室 人事工作室 工资保险室 综合室 引进人才科研启动项目申报指南 2022-06-01 人事,https://perdep.dlut.edu.cn/,https://perdep.dlut.edu.cn/info/1191/16781.htm,https://perdep.dlut.edu.cn/system/_content/download.jsp?urltype=news.DownloadAttachUrl&owner=2093883458&wbfileid=8D54AF1A0CB0655B3BDAE2DCD55DACEF|https://perdep.dlut.edu.cn/system/_content/download.jsp?urltype=news.DownloadAttachUrl&owner=2093883458&wbfileid=3C731B629F96039AAE7CF1BE81BF760B|https://perdep.dlut.edu.cn/system/_content/download.jsp?urltype=news.DownloadAttachUrl&owner=2093883458&wbfileid=B923B1E5F09AD6B32DBE7DFEB63B80EA,96cbfb2b8f16576585daa7b360c6dea1401d352d815288e2bc931f5cef3806e7,2026-07-14 09:57:35,2026-08-06 06:03:20,已截止,0
111,DLUT_HR,大连,大连理工大学,大连理工大学教师公寓管理办法（修订）,2021-05-01,2021,行政管理,管理岗,博士,详见官方公告,未明确,未明确,,大连理工大学教师公寓管理办法（修订）-人力资源处 中文 | English 首页 人才招聘 招聘首页 人才引进 招聘信息 教授课题组招聘 工作动态 机构设置 通知公告 通知公告 七级管理岗任命 师资队伍 师德监督 师德监督 师德师风建设分委员会 博士后工作 流动站简介 政策文件 新闻通告 办事指南 表格下载 党务工作 办事指南 师资室 人事工作室 工资保险室 综合室 文档下载 人才发展室 师资室 人事工作室 工资保险室 综合室 大连理工大学教师公寓管理办法（修订） 2021-,https://perdep.dlut.edu.cn/,https://perdep.dlut.edu.cn/info/1431/19701.htm,,22a3feb986107a27f16a1c979eb360bb2a9ee511e85ee66dcccf92f4596b6fc7,2026-07-19 01:49:44,2026-08-06 06:03:20,有效,0
19,DLUT_HR,大连,大连理工大学,新教工报到指南,2020-10-07,2020,行政管理,管理岗|办公室|档案,博士,详见官方公告,未明确,是,,新教工报到指南-人力资源处 中文 | English 首页 人才招聘 招聘首页 人才引进 招聘信息 教授课题组招聘 工作动态 机构设置 通知公告 通知公告 七级管理岗任命 师资队伍 师德监督 师德监督 师德师风建设分委员会 博士后工作 流动站简介 政策文件 新闻通告 办事指南 表格下载 党务工作 办事指南 师资室 人事工作室 工资保险室 综合室 文档下载 人才发展室 师资室 人事工作室 工资保险室 综合室 新教工报到指南 2020-10-07 人事科 点击：[ ] 亲爱的老师,https://perdep.dlut.edu.cn/,https://perdep.dlut.edu.cn/info/1191/16771.htm,https://perdep.dlut.edu.cn/system/_content/download.jsp?urltype=news.DownloadAttachUrl&owner=2093883458&wbfileid=CF8E0396056AD5333D8787B7F445AABB,ea7adab70f040a85f5e0aace6fac89e9ad97673034474d4759eb46a13bddc9ca,2026-07-14 09:57:35,2026-08-06 06:03:20,有效,0
58,LNU_HR,沈阳,辽宁大学,人才交流中心主要工作职责,2020-07-08,2020,待人工复核,,不限/未明确,详见官方公告,未明确,未明确,,人才交流中心主要工作职责-辽宁大学 人事处 首页 | 单位介绍 | 机构设置 | 工作职责 | 政策法规 | 现任领导 | 人才招聘 | 下载专区 | 联系我们 · 辽宁大学2025年面向社会公开... · 辽宁大学2025年面向社会公开... · 人事科主要工作职责 · 师资科主要工作职责 · 劳资科主要工作职责 · 人才交流中心主要工作职责 · 教职工思想政治教育与师德师风建设... · 考核工作科主要工作职责 · 辽宁人事人才公共服务网 · 辽宁省人民政府 · 辽宁省人,https://rsc.lnu.edu.cn/rczp.htm,https://rsc.lnu.edu.cn/info/10461/9862.htm,,4dde839228413b95514c1692f297d6c0071bb0e88e8765e85e6d3d90bf8a029d,2026-07-14 09:59:45,2026-08-06 06:04:57,有效,0
122,DLUT_HR,大连,大连理工大学,07-23 2026 进校人员公示（2026年第30次）,,,招聘后续通知,,不限/未明确,详见官方公告,未明确,未明确,,系统提示 系统提示 抱歉 可能是由下列问题导致的： 您无权访问此页面,https://perdep.dlut.edu.cn/,https://perdep.dlut.edu.cn/tynry.jsp?urltype=news.NewsContentUrl&wbtreeid=1141&wbnewsid=22961,,caffdd4ee6273e01ee1517437ba017fe54fea34dc74a75e205f3819eb28e4a22,2026-07-24 06:03:13,2026-07-30 05:51:54,有效,0
120,DLUT_HR,大连,大连理工大学,07-22 2026 进校人员公示（2026年第29次）,,,招聘后续通知,,不限/未明确,详见官方公告,未明确,未明确,,系统提示 系统提示 抱歉 可能是由下列问题导致的： 您无权访问此页面,https://perdep.dlut.edu.cn/,https://perdep.dlut.edu.cn/tynry.jsp?urltype=news.NewsContentUrl&wbtreeid=1141&wbnewsid=22951,,e69e7d141d88e7513c0f0e96687e10bc96f1c1df4d3a2e0a0e0267818464ebc9,2026-07-23 06:09:04,2026-07-29 06:05:57,有效,0
117,DLUT_HR,大连,大连理工大学,07-20 2026 进校人员公示（2026年第27次）,,,招聘后续通知,,不限/未明确,详见官方公告,未明确,未明确,,系统提示 系统提示 抱歉 可能是由下列问题导致的： 您无权访问此页面,https://perdep.dlut.edu.cn/,https://perdep.dlut.edu.cn/tynry.jsp?urltype=news.NewsContentUrl&wbtreeid=1141&wbnewsid=22911,,53f58d5ed76e025c7942df48d08af978826e5537b2e9e07e07fca1530de21e7c,2026-07-21 06:05:30,2026-07-23 06:09:04,有效,0
75,SYRS_SYDW,沈阳,沈阳市人力资源和社会保障局,政务公开重点工作,,,待人工复核,,不限/未明确,详见官方公告,未明确,未明确,,辽宁政务服务网,https://rsj.shenyang.gov.cn/zwgkzdgz/jycyxx/sydwzlxx/,https://rsj.shenyang.gov.cn/zwgkzdgz/,,24bbf24116a2a3884345568d01b8cb92fa5030dd5be541bf65e25302edaa50c3,2026-07-14 10:00:09,2026-08-06 06:05:28,有效,0
59,LNU_HR,沈阳,辽宁大学,辽宁人事人才公共服务网,,,待人工复核,,不限/未明确,详见官方公告,未明确,未明确,,辽宁人事人才公共服务网,https://rsc.lnu.edu.cn/rczp.htm,http://www.lnrc.com.cn/,,f17b00abc1aec65630056a29d6c56699133ab95e1b572814417bc40024d04829,2026-07-14 09:59:45,2026-08-06 06:04:57,有效,0
25,DLMU_RCB,大连,大连海事大学,人才工程相关,,,行政管理,办公室,博士,详见官方公告,未明确,未明确,,人才工程相关-大连海事大学党委人才工作办公室 海大主页 首 页 机构介绍 职能简介 机构人员与业务 工作纪事 联系我们 人才工程 国家级 省市级 校级 申报通知 他山之石 人才招聘 高层次人才 海外优秀青年人才 专任教师 航海类教师 科研人员 博士后 实验教师 博士后工作 流动站介绍 招聘信息 通知公告 管理条例 服务指南 表格下载 柔性人才 客座教授 政策制度 国家省市文件 学校文件 地方人才政策 服务指南 下载中心 引进人才相关 博士后相关 柔性聘任人才相关 人才工程相关,https://rcb.dlmu.edu.cn/,https://rcb.dlmu.edu.cn/xzzx/rcgcxg.htm,,5c79be45a0b1ec88cef670a8609a5b276b1428fdca4942f27d7d70b0171b3169,2026-07-14 09:58:03,2026-08-06 06:03:42,有效,0
24,DLMU_RCB,大连,大连海事大学,柔性聘任人才相关,,,行政管理,办公室,博士,详见官方公告,未明确,未明确,,柔性聘任人才相关-大连海事大学党委人才工作办公室 海大主页 首 页 机构介绍 职能简介 机构人员与业务 工作纪事 联系我们 人才工程 国家级 省市级 校级 申报通知 他山之石 人才招聘 高层次人才 海外优秀青年人才 专任教师 航海类教师 科研人员 博士后 实验教师 博士后工作 流动站介绍 招聘信息 通知公告 管理条例 服务指南 表格下载 柔性人才 客座教授 政策制度 国家省市文件 学校文件 地方人才政策 服务指南 下载中心 引进人才相关 博士后相关 柔性聘任人才相关 人才工程,https://rcb.dlmu.edu.cn/,https://rcb.dlmu.edu.cn/xzzx/rxprrcxg.htm,,cbca98ff214f0c1c6e27f74bff8b35356482ac78fc60495f0527d0f5c5e1acab,2026-07-14 09:58:03,2026-08-06 06:03:42,有效,0
23,DLMU_RCB,大连,大连海事大学,引进人才相关,,,行政管理,办公室,博士,详见官方公告,未明确,未明确,,引进人才相关-大连海事大学党委人才工作办公室 海大主页 首 页 机构介绍 职能简介 机构人员与业务 工作纪事 联系我们 人才工程 国家级 省市级 校级 申报通知 他山之石 人才招聘 高层次人才 海外优秀青年人才 专任教师 航海类教师 科研人员 博士后 实验教师 博士后工作 流动站介绍 招聘信息 通知公告 管理条例 服务指南 表格下载 柔性人才 客座教授 政策制度 国家省市文件 学校文件 地方人才政策 服务指南 下载中心 引进人才相关 博士后相关 柔性聘任人才相关 人才工程相关,https://rcb.dlmu.edu.cn/,https://rcb.dlmu.edu.cn/xzzx/yjrcxg.htm,,4b32e90bc410c7177022771d6fa7e7aff49ef17f651c187c9e30abf33837cff4,2026-07-14 09:58:03,2026-08-06 06:03:42,有效,0
10,DLUT_HR,大连,大连理工大学,03-16 2026 学校召开2026年人才工作推进会,,,待人工复核,,不限/未明确,详见官方公告,未明确,未明确,,环境异常 当前环境异常，完成验证后即可继续访问。 去验证 ： ， 。 视频 小程序 赞 ，轻点两下取消赞 在看 ，轻点两下取消在看,https://perdep.dlut.edu.cn/,https://mp.weixin.qq.com/s/DhcK05aWAIKv3FMp-O48FA,,1c16968ef5b6eca5db07ab96c356e13416a327a682167cc49e91d7d07dd96e79,2026-07-14 09:57:35,2026-07-14 10:44:48,有效,0
1,DLUT_HR,大连,大连理工大学,教授课题组招聘,,,行政管理,管理岗,博士,详见官方公告,未明确,未明确,,教授课题组招聘-人力资源处 中文 | English 首页 人才招聘 招聘首页 人才引进 招聘信息 教授课题组招聘 工作动态 机构设置 通知公告 通知公告 七级管理岗任命 师资队伍 师德监督 师德监督 师德师风建设分委员会 博士后工作 流动站简介 政策文件 新闻通告 办事指南 表格下载 党务工作 办事指南 师资室 人事工作室 工资保险室 综合室 文档下载 人才发展室 师资室 人事工作室 工资保险室 综合室 首页 >> 人才招聘 >> 教授课题组招聘 人才招聘 人才引进 招聘信,https://perdep.dlut.edu.cn/,https://perdep.dlut.edu.cn/rczpzt/jsktzzp1.htm,,db72724f0cec2953611fed081bdc83ebe436d586389ed40f4877064cba89b1fd,2026-07-14 09:57:35,2026-08-06 06:03:20,有效,0
